id	text	tag
boarding_pass-1.png	ETK-305A6746F	B-TNUMBER
boarding_pass-1.png	Passenger	O
boarding_pass-1.png	Name	O
boarding_pass-1.png	Carrier	O
boarding_pass-1.png	Flight	O
boarding_pass-1.png	No.	O
boarding_pass-1.png	Class	O
boarding_pass-1.png	Passenger	O
boarding_pass-1.png	Name	O
boarding_pass-1.png	_	O
boarding_pass-1.png	Alexandre	B-NAME
boarding_pass-1.png	Joseph	I-NAME
boarding_pass-1.png	UA	B-CARRIER
boarding_pass-1.png	234	B-NOFLIGHT
boarding_pass-1.png	B	B-CLASS
boarding_pass-1.png	Alexandre	B-SNAME
boarding_pass-1.png	Joseph	I-SNAME
boarding_pass-1.png	O	O
boarding_pass-1.png	From	O
boarding_pass-1.png	San	B-FDEPART
boarding_pass-1.png	Francisco	I-FDEPART
boarding_pass-1.png	5	O
boarding_pass-1.png	To	O
boarding_pass-1.png	Chicago	B-FARRIVAL
boarding_pass-1.png	w	O
boarding_pass-1.png	From:	O
boarding_pass-1.png	San	B-SFDEPART
boarding_pass-1.png	Francisco	I-SFDEPART
boarding_pass-1.png	Date	O
boarding_pass-1.png	we	O
boarding_pass-1.png	Seat	O
boarding_pass-1.png	Seat	O
boarding_pass-1.png	Date	O
boarding_pass-1.png	To:	O
boarding_pass-1.png	Chicago	B-SFARRIVAL
boarding_pass-1.png	April	B-DATE
boarding_pass-1.png	20,	I-DATE
boarding_pass-1.png	2022	I-DATE
boarding_pass-1.png	96G	B-NOSEAT
boarding_pass-1.png	April	B-SDATE
boarding_pass-1.png	20,	I-SDATE
boarding_pass-1.png	2022	I-SDATE
boarding_pass-1.png	+—	O
boarding_pass-1.png	GATE	O
boarding_pass-1.png	Boarding	O
boarding_pass-1.png	Time	O
boarding_pass-1.png	GATE	O
boarding_pass-1.png	Boarding	O
boarding_pass-1.png	Time	O
boarding_pass-1.png	O	O
boarding_pass-1.png	Gi	B-GATE
boarding_pass-1.png	.	O
boarding_pass-1.png	10:00	B-BOARDINGTIME
boarding_pass-1.png	AM	I-BOARDINGTIME
boarding_pass-1.png	PST	I-BOARDINGTIME
boarding_pass-1.png	Gl	B-GATE
boarding_pass-1.png	10:00	B-SBOARDINGTIME
boarding_pass-1.png	AM	I-SBOARDINGTIME
boarding_pass-1.png	PST	I-SBOARDINGTIME
boarding_pass-1.png		O
boarding_pass-1.png	O	O
boarding_pass-1.png	>	O
boarding_pass-10.png	ETK-331A6748F	B-TNUMBER
boarding_pass-10.png		O
boarding_pass-10.png		O
boarding_pass-10.png		O
boarding_pass-10.png		O
boarding_pass-10.png		O
boarding_pass-10.png		O
boarding_pass-10.png		O
boarding_pass-10.png		O
boarding_pass-10.png		O
boarding_pass-10.png		O
boarding_pass-10.png		O
boarding_pass-10.png		O
boarding_pass-10.png		O
boarding_pass-10.png		O
boarding_pass-10.png		O
boarding_pass-10.png		O
boarding_pass-10.png		O
boarding_pass-10.png		O
boarding_pass-10.png		O
boarding_pass-10.png		O
boarding_pass-10.png	Passenger	O
boarding_pass-10.png	Name	O
boarding_pass-10.png	Carrier	O
boarding_pass-10.png	Flight	O
boarding_pass-10.png	No.	O
boarding_pass-10.png	Class	O
boarding_pass-10.png	Passenger	O
boarding_pass-10.png	Name	O
boarding_pass-10.png	Will	B-NAME
boarding_pass-10.png	Wahshington	I-NAME
boarding_pass-10.png	UA	B-CARRIER
boarding_pass-10.png	234	B-NOFLIGHT
boarding_pass-10.png	B	B-CLASS
boarding_pass-10.png	Will	B-SNAME
boarding_pass-10.png	Wahshington	I-SNAME
boarding_pass-10.png	.	O
boarding_pass-10.png	>	O
boarding_pass-10.png	From	O
boarding_pass-10.png	San	B-FDEPART
boarding_pass-10.png	Francisco	I-FDEPART
boarding_pass-10.png	oO	O
boarding_pass-10.png	To	O
boarding_pass-10.png	Chicago	B-FARRIVAL
boarding_pass-10.png	From:	O
boarding_pass-10.png	San	B-SFDEPART
boarding_pass-10.png	Francisco	I-SFDEPART
boarding_pass-10.png	Date	O
boarding_pass-10.png	Baggage	O
boarding_pass-10.png	Seat	O
boarding_pass-10.png	Seat	O
boarding_pass-10.png	Date	O
boarding_pass-10.png	_	O
boarding_pass-10.png	To:	O
boarding_pass-10.png	Chicago	B-SFARRIVAL
boarding_pass-10.png	April	B-DATE
boarding_pass-10.png	20,	I-DATE
boarding_pass-10.png	2022	I-DATE
boarding_pass-10.png	YES	B-BAGAGGE
boarding_pass-10.png	70F	B-NOSEAT
boarding_pass-10.png	April	B-DATE
boarding_pass-10.png	20,	I-DATE
boarding_pass-10.png	2022	I-DATE
boarding_pass-10.png	O	O
boarding_pass-10.png	GATE	O
boarding_pass-10.png	Boarding	O
boarding_pass-10.png	Time	O
boarding_pass-10.png	|	O
boarding_pass-10.png	|	O
boarding_pass-10.png	|	O
boarding_pass-10.png	|	O
boarding_pass-10.png	|	O
boarding_pass-10.png	GATE	O
boarding_pass-10.png	_	O
boarding_pass-10.png	Boarding	O
boarding_pass-10.png	Time	O
boarding_pass-10.png	Gl	B-GATE
boarding_pass-10.png	:	O
boarding_pass-10.png	2	O
boarding_pass-10.png	10:00	B-BOARDINGTIME
boarding_pass-10.png	AM	I-BOARDINGTIME
boarding_pass-10.png	PST	I-BOARDINGTIME
boarding_pass-10.png	Gl	B-SGATE
boarding_pass-10.png	10:00	B-SBOARDINGTIME
boarding_pass-10.png	AM	I-SBOARDINGTIME
boarding_pass-10.png	PST	I-SBOARDINGTIME
boarding_pass-10.png	Ww	O
boarding_pass-10.png	oO	O
boarding_pass-10.png	>	O
boarding_pass-11.png	Passenger	O
boarding_pass-11.png	Name	O
boarding_pass-11.png	Carrier	O
boarding_pass-11.png	Flight	O
boarding_pass-11.png	No.	O
boarding_pass-11.png	—	O
boarding_pass-11.png	Class	O
boarding_pass-11.png	Passenger	O
boarding_pass-11.png	Name	O
boarding_pass-11.png	Avkash	B-NAME
boarding_pass-11.png	Chauhan	I-NAME
boarding_pass-11.png	UA	B-CARRIER
boarding_pass-11.png	234	B-NOFLIGHT
boarding_pass-11.png	E	B-CLASS
boarding_pass-11.png	Avkash	B-SNAME
boarding_pass-11.png	Chauhan	I-SNAME
boarding_pass-11.png	From	O
boarding_pass-11.png	|	O
boarding_pass-11.png	San	B-FDEPART
boarding_pass-11.png	Francisco	I-FDEPART
boarding_pass-11.png	To	O
boarding_pass-11.png	Chicago	B-FARRIVAL
boarding_pass-11.png	From:	O
boarding_pass-11.png	San	B-SFDEPART
boarding_pass-11.png	Francisco	I-SFDEPART
boarding_pass-11.png	Date	O
boarding_pass-11.png	we	O
boarding_pass-11.png	Seat	O
boarding_pass-11.png	Seat	O
boarding_pass-11.png	Date	O
boarding_pass-11.png	To:	O
boarding_pass-11.png	Chicago	B-SFARRIVAL
boarding_pass-11.png	April	B-DATE
boarding_pass-11.png	202,022.00	I-DATE
boarding_pass-11.png	YE	O
boarding_pass-11.png	20A	B-NOSEAT
boarding_pass-11.png	—	O
boarding_pass-11.png	April	B-SDATE
boarding_pass-11.png	20,	I-SDATE
boarding_pass-11.png	2022	I-SDATE
boarding_pass-11.png	GATE	O
boarding_pass-11.png	Boarding	O
boarding_pass-11.png	Time	O
boarding_pass-11.png	GATE	O
boarding_pass-11.png	Boarding	O
boarding_pass-11.png	Time	O
boarding_pass-11.png	Gl	O
boarding_pass-11.png	10:00	B-BOARDINGTIME
boarding_pass-11.png	AM	I-BOARDINGTIME
boarding_pass-11.png	PST	I-BOARDINGTIME
boarding_pass-11.png	1	O
boarding_pass-11.png	10:00	B-BOARDINGTIME
boarding_pass-11.png	AM	I-BOARDINGTIME
boarding_pass-11.png	PST	I-BOARDINGTIME
boarding_pass-11.png	Yeshua	O
boarding_pass-11.png	the	O
boarding_pass-11.png	savior	O
boarding_pass-11.png	Q	O
boarding_pass-12.png	ETK-34236751E	B-TNUMBER
boarding_pass-12.png	Passenger	O
boarding_pass-12.png	Name	O
boarding_pass-12.png	Carrier	O
boarding_pass-12.png	Flight	O
boarding_pass-12.png	No.	O
boarding_pass-12.png	—	O
boarding_pass-12.png	Class	O
boarding_pass-12.png	Passenger	O
boarding_pass-12.png	Name	O
boarding_pass-12.png	Avkash	B-NAME
boarding_pass-12.png	Chauhan	I-NAME
boarding_pass-12.png	UA	B-CARRIER
boarding_pass-12.png	234	B-NOFLIGHT
boarding_pass-12.png	E	B-CLASS
boarding_pass-12.png	Avkash	B-SNAME
boarding_pass-12.png	Chauhan	I-SNAME
boarding_pass-12.png	From	O
boarding_pass-12.png	|	O
boarding_pass-12.png	San	B-FDEPART
boarding_pass-12.png	Francisco	I-FDEPART
boarding_pass-12.png	To	O
boarding_pass-12.png	Chicago	B-FARRIVAL
boarding_pass-12.png	From:	O
boarding_pass-12.png	San	B-FDEPART
boarding_pass-12.png	Francisco	I-FDEPART
boarding_pass-12.png	Date	O
boarding_pass-12.png	Seat	O
boarding_pass-12.png	Seat	O
boarding_pass-12.png	Date	O
boarding_pass-12.png	To:	O
boarding_pass-12.png	Chicago	B-SFARRIVAL
boarding_pass-12.png	April	B-DATE
boarding_pass-12.png	20,	I-DATE
boarding_pass-12.png	2022	I-DATE
boarding_pass-12.png	21A	B-NOSEAT
boarding_pass-12.png	April	B-SDATE
boarding_pass-12.png	20,	B-SDATE
boarding_pass-12.png	2022	B-SDATE
boarding_pass-12.png	GATE	O
boarding_pass-12.png	_	O
boarding_pass-12.png	Boarding	O
boarding_pass-12.png	Time	O
boarding_pass-12.png	GATE	O
boarding_pass-12.png	Boarding	O
boarding_pass-12.png	Time	O
boarding_pass-12.png	Gl	B-GATE
boarding_pass-12.png	:	O
boarding_pass-12.png	10:00	B-BOARDINGTIME
boarding_pass-12.png	AM	I-BOARDINGTIME
boarding_pass-12.png	PST	I-BOARDINGTIME
boarding_pass-12.png	Gl	B-SGATE
boarding_pass-12.png	10:00	B-SBOARDINGTIME
boarding_pass-12.png	AM	I-SBOARDINGTIME
boarding_pass-12.png	PST	I-SBOARDINGTIME
boarding_pass-12.png	Yeshua	O
boarding_pass-12.png	the	O
boarding_pass-12.png	savior	O
boarding_pass-13.png	ETK-34216751E	B-TNUMBER
boarding_pass-13.png	Passenger	O
boarding_pass-13.png	Name	O
boarding_pass-13.png	Carrier	O
boarding_pass-13.png	Flight	O
boarding_pass-13.png	No.	O
boarding_pass-13.png	Class	O
boarding_pass-13.png	Passenger	O
boarding_pass-13.png	Name	O
boarding_pass-13.png	©	O
boarding_pass-13.png	Austin	B-NAME
boarding_pass-13.png	Glob	I-NAME
boarding_pass-13.png	UA	B-CARRIER
boarding_pass-13.png	234	B-NOFLIGHT
boarding_pass-13.png	E	B-CLASS
boarding_pass-13.png	Austin	B-SNAME
boarding_pass-13.png	Glob	I-SNAME
boarding_pass-13.png	.	O
boarding_pass-13.png	>	O
boarding_pass-13.png	From	O
boarding_pass-13.png	—	O
boarding_pass-13.png	San	B-FDEPART
boarding_pass-13.png	Francisco	I-FDEPART
boarding_pass-13.png	oO	O
boarding_pass-13.png	To	O
boarding_pass-13.png	Chicago	B-FARRIVAL
boarding_pass-13.png	From:	O
boarding_pass-13.png	San	B-SFDEPART
boarding_pass-13.png	Francisco	I-SFDEPART
boarding_pass-13.png	Date	O
boarding_pass-13.png	Seat	O
boarding_pass-13.png	Seat	O
boarding_pass-13.png	Date	O
boarding_pass-13.png	_	O
boarding_pass-13.png	To:	O
boarding_pass-13.png	Chicago	B-SFARRIVAL
boarding_pass-13.png	April	B-DATE
boarding_pass-13.png	20,	I-DATE
boarding_pass-13.png	2022	I-DATE
boarding_pass-13.png	22A	B-NOSEAT
boarding_pass-13.png	April	B-SDATE
boarding_pass-13.png	20,	I-SDATE
boarding_pass-13.png	2022	I-SDATE
boarding_pass-13.png	O	O
boarding_pass-13.png	GATE	O
boarding_pass-13.png	Boarding	O
boarding_pass-13.png	Time	O
boarding_pass-13.png	GATE	O
boarding_pass-13.png	Boarding	O
boarding_pass-13.png	Time	O
boarding_pass-13.png	Gl	B-GATE
boarding_pass-13.png	:	O
boarding_pass-13.png	2	O
boarding_pass-13.png	10:00	I-BOARDINGTIME
boarding_pass-13.png	AM	I-BOARDINGTIME
boarding_pass-13.png	PST	I-BOARDINGTIME
boarding_pass-13.png	Gl	B-SGATE
boarding_pass-13.png	10:00	B-SBOARDINGTIME
boarding_pass-13.png	AM	I-SBOARDINGTIME
boarding_pass-13.png	PST	I-SBOARDINGTIME
boarding_pass-13.png	Ww	O
boarding_pass-13.png	oO	O
boarding_pass-13.png	>	O
boarding_pass-14.png	ETK-33216751E	B-TNUMBER
boarding_pass-14.png	Passenger	O
boarding_pass-14.png	Name	O
boarding_pass-14.png	Carrier	O
boarding_pass-14.png	Flight	O
boarding_pass-14.png	No.	O
boarding_pass-14.png	|	O
boarding_pass-14.png	Passenger	O
boarding_pass-14.png	Name	O
boarding_pass-14.png	Alvana	B-NAME
boarding_pass-14.png	Christ	I-NAME
boarding_pass-14.png	UA	B-CARRIER
boarding_pass-14.png	234	B-NOFLIGHT
boarding_pass-14.png	E	B-CLASS
boarding_pass-14.png	Alvana	B-SNAME
boarding_pass-14.png	Christ	I-SNAME
boarding_pass-14.png	.	O
boarding_pass-14.png	>	O
boarding_pass-14.png	From	O
boarding_pass-14.png	San	B-FDEPART
boarding_pass-14.png	Francisco	I-FDEPART
boarding_pass-14.png	oO	O
boarding_pass-14.png	To	O
boarding_pass-14.png	Chicago	B-FARRIVAL
boarding_pass-14.png	From:	O
boarding_pass-14.png	San	B-SFDEPART
boarding_pass-14.png	Francisco	I-SFDEPART
boarding_pass-14.png	Date	O
boarding_pass-14.png	Seat	O
boarding_pass-14.png	Seat	O
boarding_pass-14.png	Date	O
boarding_pass-14.png	_	O
boarding_pass-14.png	To:	O
boarding_pass-14.png	Chicago	B-SFARRIVAL
boarding_pass-14.png	April	B-DATE
boarding_pass-14.png	20,	I-DATE
boarding_pass-14.png	2022	I-DATE
boarding_pass-14.png	24B	B-NOSEAT
boarding_pass-14.png	April	B-SDATE
boarding_pass-14.png	20,	I-SDATE
boarding_pass-14.png	2022	I-SDATE
boarding_pass-14.png	O	O
boarding_pass-14.png	GATE	O
boarding_pass-14.png	_	O
boarding_pass-14.png	Boarding	O
boarding_pass-14.png	Time	O
boarding_pass-14.png	GATE	O
boarding_pass-14.png	|	O
boarding_pass-14.png	Boarding	O
boarding_pass-14.png	Time	O
boarding_pass-14.png	Gl	B-GATE
boarding_pass-14.png	:	O
boarding_pass-14.png	2	O
boarding_pass-14.png	10:00	B-BOARDINGTIME
boarding_pass-14.png	AM	I-BOARDINGTIME
boarding_pass-14.png	PST	I-BOARDINGTIME
boarding_pass-14.png	Gl	B-SGATE
boarding_pass-14.png	10:00	B-SBOARDINGTIME
boarding_pass-14.png	AM	I-SBOARDINGTIME
boarding_pass-14.png	PST	I-SBOARDINGTIME
boarding_pass-14.png	Ww	O
boarding_pass-14.png	oO	O
boarding_pass-14.png	>	O
boarding_pass-15.png	ETK-30217751E	B-TNUMBER
boarding_pass-15.png	Passenger	O
boarding_pass-15.png	Name	O
boarding_pass-15.png	Carrier	O
boarding_pass-15.png	Flight	O
boarding_pass-15.png	No.	O
boarding_pass-15.png	Class	O
boarding_pass-15.png		O
boarding_pass-15.png	Passenger	O
boarding_pass-15.png	Name	O
boarding_pass-15.png	Stella	B-NAME
boarding_pass-15.png	Shin	I-NAME
boarding_pass-15.png	UA	B-CARRIER
boarding_pass-15.png	234	B-NOFLIGHT
boarding_pass-15.png	E	B-CLASS
boarding_pass-15.png	Stella	B-SNAME
boarding_pass-15.png	Shin	I-SNAME
boarding_pass-15.png	From	O
boarding_pass-15.png	San	B-FDEPART
boarding_pass-15.png	Francisco	I-FDEPART
boarding_pass-15.png	To	O
boarding_pass-15.png	Chicago	B-FARRIVAL
boarding_pass-15.png	From:	O
boarding_pass-15.png	San	B-SFDEPART
boarding_pass-15.png	Francisco	I-SFDEPART
boarding_pass-15.png	Date	O
boarding_pass-15.png	Seat	O
boarding_pass-15.png	Seat	O
boarding_pass-15.png	Date	O
boarding_pass-15.png	To:	O
boarding_pass-15.png	Chicago	B-SFARRIVAL
boarding_pass-15.png	April	B-DATE
boarding_pass-15.png	20,	I-DATE
boarding_pass-15.png	2022	I-DATE
boarding_pass-15.png	19A	B-NOSEAT
boarding_pass-15.png	April	B-SDATE
boarding_pass-15.png	20,	I-SDATE
boarding_pass-15.png	2022	I-SDATE
boarding_pass-15.png	Q	O
boarding_pass-15.png	GATE	O
boarding_pass-15.png	Boarding	O
boarding_pass-15.png	Time	O
boarding_pass-15.png	GATE	O
boarding_pass-15.png	Boarding	O
boarding_pass-15.png	Time	O
boarding_pass-15.png	Gl	B-GATE
boarding_pass-15.png	10:00	B-BOARDINGTIME
boarding_pass-15.png	AM	I-BOARDINGTIME
boarding_pass-15.png	PST	I-BOARDINGTIME
boarding_pass-15.png	1	O
boarding_pass-15.png	10:00	B-SBOARDINGTIME
boarding_pass-15.png	AM	I-SBOARDINGTIME
boarding_pass-15.png	PST	I-SBOARDINGTIME
boarding_pass-15.png	Yeshua	O
boarding_pass-15.png	the	O
boarding_pass-15.png	savior	O
boarding_pass-16.png	ETK-30208751E	B-TNUMBER
boarding_pass-16.png	Passenger	O
boarding_pass-16.png	Name	O
boarding_pass-16.png	Carrier	O
boarding_pass-16.png	Flight	O
boarding_pass-16.png	No.	O
boarding_pass-16.png	Class	O
boarding_pass-16.png	Passenger	O
boarding_pass-16.png	Name	O
boarding_pass-16.png	Kitashi	B-NAME
boarding_pass-16.png	Sakamoto	I-NAME
boarding_pass-16.png	UA	B-CARRIER
boarding_pass-16.png	234	B-NOFLIGHT
boarding_pass-16.png	E	B-CLASS
boarding_pass-16.png	Kitashi	B-SNAME
boarding_pass-16.png	Sakamoto	I-SNAME
boarding_pass-16.png	From	O
boarding_pass-16.png	San	B-FDEPART
boarding_pass-16.png	Francisco	I-FDEPART
boarding_pass-16.png	To	O
boarding_pass-16.png	Chicago	B-FARRIVAL
boarding_pass-16.png	From:	O
boarding_pass-16.png	San	B-SFDEPART
boarding_pass-16.png	Francisco	I-SFDEPART
boarding_pass-16.png	Date	O
boarding_pass-16.png	ee	O
boarding_pass-16.png	Seat	O
boarding_pass-16.png	Seat	O
boarding_pass-16.png	Date	O
boarding_pass-16.png	To:	O
boarding_pass-16.png	Chicago	B-SFARRIVAL
boarding_pass-16.png	April	B-DATE
boarding_pass-16.png	20,	I-DATE
boarding_pass-16.png	2022	I-DATE
boarding_pass-16.png	19F	B-NOSEAT
boarding_pass-16.png	April	B-SDATE
boarding_pass-16.png	20,	I-SDATE
boarding_pass-16.png	2022	I-SDATE
boarding_pass-16.png	Q	O
boarding_pass-16.png	GATE	O
boarding_pass-16.png	Boarding	O
boarding_pass-16.png	Time	O
boarding_pass-16.png	GATE	O
boarding_pass-16.png	_	O
boarding_pass-16.png	Boarding	O
boarding_pass-16.png	Time	O
boarding_pass-16.png	Gl	B-GATE
boarding_pass-16.png	10:00	B-BOARDINGTIME
boarding_pass-16.png	AM	I-BOARDINGTIME
boarding_pass-16.png	PST	I-BOARDINGTIME
boarding_pass-16.png	1	O
boarding_pass-16.png	10:00	B-SBOARDINGTIME
boarding_pass-16.png	AM	I-SBOARDINGTIME
boarding_pass-16.png	PST	I-SBOARDINGTIME
boarding_pass-16.png	Yeshua	O
boarding_pass-16.png	the	O
boarding_pass-16.png	savior	O
boarding_pass-17.png	ETK-30207752E	B-TNUMBER
boarding_pass-17.png	Passenger	O
boarding_pass-17.png	Name	O
boarding_pass-17.png	Carrier	O
boarding_pass-17.png	Flight	O
boarding_pass-17.png	No.	O
boarding_pass-17.png	Class	O
boarding_pass-17.png	Passenger	O
boarding_pass-17.png	Name	O
boarding_pass-17.png	Yen	B-NAME
boarding_pass-17.png	Dolph	I-NAME
boarding_pass-17.png	UA	B-CARRIER
boarding_pass-17.png	234	B-NOFLIGHT
boarding_pass-17.png	E	B-CLASS
boarding_pass-17.png	Yen	B-SNAME
boarding_pass-17.png	Dolph	I-SNAME
boarding_pass-17.png	From	O
boarding_pass-17.png	San	B-FDEPART
boarding_pass-17.png	Francisco	I-FDEPART
boarding_pass-17.png	To	O
boarding_pass-17.png	Chicago	B-FARRIVAL
boarding_pass-17.png	From:	O
boarding_pass-17.png	San	B-SFDEPART
boarding_pass-17.png	Francisco	I-SFDEPART
boarding_pass-17.png	Date	O
boarding_pass-17.png	Seat	O
boarding_pass-17.png	Seat	O
boarding_pass-17.png	Date	O
boarding_pass-17.png	To:	O
boarding_pass-17.png	Chicago	B-SFARRIVAL
boarding_pass-17.png	April	B-DATE
boarding_pass-17.png	20,	I-DATE
boarding_pass-17.png	2022	I-DATE
boarding_pass-17.png	19B	B-NOSEAT
boarding_pass-17.png	April	B-SDATE
boarding_pass-17.png	20,	I-SDATE
boarding_pass-17.png	2022	I-SDATE
boarding_pass-17.png	Q	O
boarding_pass-17.png	GATE	O
boarding_pass-17.png	Boarding	O
boarding_pass-17.png	Time	O
boarding_pass-17.png	GATE	O
boarding_pass-17.png	_	O
boarding_pass-17.png	Boarding	O
boarding_pass-17.png	Time	O
boarding_pass-17.png	Gl	B-GATE
boarding_pass-17.png	10:00	B-BOARDINGTIME
boarding_pass-17.png	AM	I-BOARDINGTIME
boarding_pass-17.png	PST	I-BOARDINGTIME
boarding_pass-17.png	1	O
boarding_pass-17.png	10:00	B-SBOARDINGTIME
boarding_pass-17.png	AM	O
boarding_pass-17.png	PST	I-SBOARDINGTIME
boarding_pass-17.png	Yeshua	O
boarding_pass-17.png	the	O
boarding_pass-17.png	savior	O
boarding_pass-18.png	ETK-34205752E	B-TNUMBER
boarding_pass-18.png	Passenger	O
boarding_pass-18.png	Name	O
boarding_pass-18.png	Carrier	O
boarding_pass-18.png	Flight	O
boarding_pass-18.png	No.	O
boarding_pass-18.png	Class	O
boarding_pass-18.png	Passenger	O
boarding_pass-18.png	Name	O
boarding_pass-18.png	James	B-NAME
boarding_pass-18.png	Jackson	I-NAME
boarding_pass-18.png	UA	B-CARRIER
boarding_pass-18.png	234	B-NOFLIGHT
boarding_pass-18.png	E	B-CLASS
boarding_pass-18.png	James	B-SNAME
boarding_pass-18.png	Jackson	I-SNAME
boarding_pass-18.png	From	O
boarding_pass-18.png	San	B-FDEPART
boarding_pass-18.png	Francisco	I-FDEPART
boarding_pass-18.png	To	O
boarding_pass-18.png	Chicago	B-FARRIVAL
boarding_pass-18.png	From:	O
boarding_pass-18.png	San	B-SFDEPART
boarding_pass-18.png	Francisco	I-SFDEPART
boarding_pass-18.png	Date	O
boarding_pass-18.png	Seat	O
boarding_pass-18.png	Seat	O
boarding_pass-18.png	Date	O
boarding_pass-18.png	To:	O
boarding_pass-18.png	Chicago	B-SFARRIVAL
boarding_pass-18.png	April	B-DATE
boarding_pass-18.png	20,	I-DATE
boarding_pass-18.png	2022	I-DATE
boarding_pass-18.png	25B	B-NOSEAT
boarding_pass-18.png	April	B-SDATE
boarding_pass-18.png	20,	I-SDATE
boarding_pass-18.png	2022	I-SDATE
boarding_pass-18.png	Q	O
boarding_pass-18.png	GATE	O
boarding_pass-18.png	Boarding	O
boarding_pass-18.png	Time	O
boarding_pass-18.png	GATE	O
boarding_pass-18.png	_	O
boarding_pass-18.png	Boarding	O
boarding_pass-18.png	Time	O
boarding_pass-18.png	Gl	B-GATE
boarding_pass-18.png	10:00	B-BOARDINGTIME
boarding_pass-18.png	AM	I-BOARDINGTIME
boarding_pass-18.png	PST	I-BOARDINGTIME
boarding_pass-18.png	1	O
boarding_pass-18.png	10:00	B-SBOARDINGTIME
boarding_pass-18.png	AM	I-SBOARDINGTIME
boarding_pass-18.png	PST	I-SBOARDINGTIME
boarding_pass-18.png	Yeshua	O
boarding_pass-18.png	the	O
boarding_pass-18.png	savior	O
boarding_pass-19.png	ETK-34207752E	B-TNUMBER
boarding_pass-19.png	Passenger	O
boarding_pass-19.png	Name	O
boarding_pass-19.png	Carrier	O
boarding_pass-19.png	Flight	O
boarding_pass-19.png	No.	O
boarding_pass-19.png	Class	O
boarding_pass-19.png	Passenger	O
boarding_pass-19.png	Name	O
boarding_pass-19.png	Jackson	B-NAME
boarding_pass-19.png	Carlos	I-NAME
boarding_pass-19.png	UA	B-CARRIER
boarding_pass-19.png	234	B-NOFLIGHT
boarding_pass-19.png	E	B-CLASS
boarding_pass-19.png	Jackson	B-SNAME
boarding_pass-19.png	Carlos	I-SNAME
boarding_pass-19.png	From	O
boarding_pass-19.png	San	B-FDEPART
boarding_pass-19.png	Francisco	I-FDEPART
boarding_pass-19.png	To	O
boarding_pass-19.png	Chicago	B-FARRIVAL
boarding_pass-19.png	From:	O
boarding_pass-19.png	San	B-SFDEPART
boarding_pass-19.png	Francisco	I-SFDEPART
boarding_pass-19.png	Date	O
boarding_pass-19.png	Seat	O
boarding_pass-19.png	Seat	O
boarding_pass-19.png	Date	O
boarding_pass-19.png	To:	O
boarding_pass-19.png	Chicago	B-SFARRIVAL
boarding_pass-19.png	April	B-DATE
boarding_pass-19.png	20,	I-DATE
boarding_pass-19.png	2022	I-DATE
boarding_pass-19.png	25C	B-NOSEAT
boarding_pass-19.png	April	B-SDATE
boarding_pass-19.png	20,	I-SDATE
boarding_pass-19.png	2022	I-SDATE
boarding_pass-19.png	Q	O
boarding_pass-19.png	GATE	O
boarding_pass-19.png	_	O
boarding_pass-19.png	Boarding	O
boarding_pass-19.png	Time	O
boarding_pass-19.png	GATE	O
boarding_pass-19.png	_	O
boarding_pass-19.png	Boarding	O
boarding_pass-19.png	Time	O
boarding_pass-19.png	Gl	B-GATE
boarding_pass-19.png	10:00	B-BOARDINGTIME
boarding_pass-19.png	AM	I-BOARDINGTIME
boarding_pass-19.png	PST	I-BOARDINGTIME
boarding_pass-19.png	1	O
boarding_pass-19.png	10:00	B-SBOARDINGTIME
boarding_pass-19.png	AM	I-SBOARDINGTIME
boarding_pass-19.png	PST	I-SBOARDINGTIME
boarding_pass-19.png	Yeshua	O
boarding_pass-19.png	the	O
boarding_pass-19.png	savior	O
boarding_pass-2.png	ETK-301A6746F	B-TNUMBER
boarding_pass-2.png		O
boarding_pass-2.png		O
boarding_pass-2.png		O
boarding_pass-2.png		O
boarding_pass-2.png		O
boarding_pass-2.png		O
boarding_pass-2.png		O
boarding_pass-2.png		O
boarding_pass-2.png		O
boarding_pass-2.png		O
boarding_pass-2.png		O
boarding_pass-2.png		O
boarding_pass-2.png		O
boarding_pass-2.png	Passenger	O
boarding_pass-2.png	Name	O
boarding_pass-2.png	Carrier	O
boarding_pass-2.png	Flight	O
boarding_pass-2.png	No.	O
boarding_pass-2.png	Class	O
boarding_pass-2.png	Passenger	O
boarding_pass-2.png	Name	O
boarding_pass-2.png	—	O
boarding_pass-2.png	OQ	O
boarding_pass-2.png	Alfred	B-NAME
boarding_pass-2.png	Junior	I-NAME
boarding_pass-2.png	UA	B-CARRIER
boarding_pass-2.png	234	B-NOFLIGHT
boarding_pass-2.png	B	B-CLASS
boarding_pass-2.png	Alfred	B-SNAME
boarding_pass-2.png	Junior	I-SNAME
boarding_pass-2.png	>	O
boarding_pass-2.png	From	O
boarding_pass-2.png	San	B-FDEPART
boarding_pass-2.png	Francisco	I-FDEPART
boarding_pass-2.png	To	O
boarding_pass-2.png	Chicago	B-FARRIVAL
boarding_pass-2.png	@	O
boarding_pass-2.png	From:	O
boarding_pass-2.png	San	B-SFDEPART
boarding_pass-2.png	Francisco	I-SFDEPART
boarding_pass-2.png	Date	O
boarding_pass-2.png	awe	O
boarding_pass-2.png	Seat	O
boarding_pass-2.png	Seat	O
boarding_pass-2.png	Date	O
boarding_pass-2.png	£	O
boarding_pass-2.png	To:	O
boarding_pass-2.png	Chicago	B-SFARRIVAL
boarding_pass-2.png	April	B-DATE
boarding_pass-2.png	20,	I-DATE
boarding_pass-2.png	2022	I-DATE
boarding_pass-2.png	95G	B-NOSEAT
boarding_pass-2.png	April	B-SDATE
boarding_pass-2.png	20,	I-SDATE
boarding_pass-2.png	2022	I-SDATE
boarding_pass-2.png	GATE	O
boarding_pass-2.png	Boarding	O
boarding_pass-2.png	Time	O
boarding_pass-2.png	GATE	O
boarding_pass-2.png	_	O
boarding_pass-2.png	Boarding	O
boarding_pass-2.png	Time	O
boarding_pass-2.png	Gl	B-GATE
boarding_pass-2.png	10:00	B-BOARDINGTIME
boarding_pass-2.png	AM	I-BOARDINGTIME
boarding_pass-2.png	PST	I-BOARDINGTIME
boarding_pass-2.png	Gl	B-SGATE
boarding_pass-2.png	10:00	B-SBOARDINGTIME
boarding_pass-2.png	AM	I-SBOARDINGTIME
boarding_pass-2.png	PST	I-SBOARDINGTIME
boarding_pass-2.png	uw	O
boarding_pass-2.png	©	O
boarding_pass-2.png	>	O
boarding_pass-20.png	ETK-34207352E	B-TNUMBER
boarding_pass-20.png	Passenger	O
boarding_pass-20.png	Name	O
boarding_pass-20.png	Carrier	O
boarding_pass-20.png	Flight	O
boarding_pass-20.png	No.	O
boarding_pass-20.png	Class	O
boarding_pass-20.png	Passenger	O
boarding_pass-20.png	Name	O
boarding_pass-20.png	Alexander	B-NAME
boarding_pass-20.png	Tinubu	I-NAME
boarding_pass-20.png	UA	B-CARRIER
boarding_pass-20.png	234	B-NOFLIGHT
boarding_pass-20.png	E	B-CLASS
boarding_pass-20.png	Alexander	B-SNAME
boarding_pass-20.png	Tinubu	I-SNAME
boarding_pass-20.png	.	O
boarding_pass-20.png	>	O
boarding_pass-20.png	From	O
boarding_pass-20.png	San	B-FDEPART
boarding_pass-20.png	Francisco	I-FDEPART
boarding_pass-20.png	oO	O
boarding_pass-20.png	To	O
boarding_pass-20.png	Chicago	B-FARRIVAL
boarding_pass-20.png	From:	O
boarding_pass-20.png	San	B-SFDEPART
boarding_pass-20.png	Francisco	I-SFDEPART
boarding_pass-20.png	Date	O
boarding_pass-20.png	Baggage	O
boarding_pass-20.png	Seat	O
boarding_pass-20.png	Seat	O
boarding_pass-20.png	Date	O
boarding_pass-20.png	_	O
boarding_pass-20.png	To:	O
boarding_pass-20.png	Chicago	B-SFARRIVAL
boarding_pass-20.png	April	B-DATE
boarding_pass-20.png	20,	I-DATE
boarding_pass-20.png	2022	I-DATE
boarding_pass-20.png	NO	B-BAGGAGE
boarding_pass-20.png	22C	B-NOSEAT
boarding_pass-20.png	22C	B-SNOSEAT
boarding_pass-20.png	April	B-SDATE
boarding_pass-20.png	20,	I-SDATE
boarding_pass-20.png	2022	I-SDATE
boarding_pass-20.png	+—	O
boarding_pass-20.png	O	O
boarding_pass-20.png	GATE	O
boarding_pass-20.png	_	O
boarding_pass-20.png	Boarding	O
boarding_pass-20.png	Time	O
boarding_pass-20.png	GATE	O
boarding_pass-20.png	_	O
boarding_pass-20.png	Boarding	O
boarding_pass-20.png	Time	O
boarding_pass-20.png	Gl	B-GATE
boarding_pass-20.png	:	O
boarding_pass-20.png	2	O
boarding_pass-20.png	10:00	B-BOARDINGTIME
boarding_pass-20.png	AM	I-BOARDINGTIME
boarding_pass-20.png	PST	I-BOARDINGTIME
boarding_pass-20.png	Gl	B-SGATE
boarding_pass-20.png	10:00	B-SBOARDINGTIME
boarding_pass-20.png	AM	I-SBOARDINGTIME
boarding_pass-20.png	PST	I-SBOARDINGTIME
boarding_pass-20.png	O	O
boarding_pass-21.png	ETK-24207352E	B-TNUMBER
boarding_pass-21.png	Passenger	O
boarding_pass-21.png	Name	O
boarding_pass-21.png	Carrier	O
boarding_pass-21.png	Flight	O
boarding_pass-21.png	No.	O
boarding_pass-21.png	Class	O
boarding_pass-21.png	Passenger	O
boarding_pass-21.png	Name	O
boarding_pass-21.png	OLugfumi	B-NAME
boarding_pass-21.png	Gbogba	I-NAME
boarding_pass-21.png	Tinubu	I-NAME
boarding_pass-21.png	UA	B-CARRIER
boarding_pass-21.png	234	B-NOFLIGHT
boarding_pass-21.png	E	B-CLASS
boarding_pass-21.png	OLugfumi	B-SNAME
boarding_pass-21.png	Gbogba	I-SNAME
boarding_pass-21.png	Tinubu	I-SNAME
boarding_pass-21.png	.	O
boarding_pass-21.png	>	O
boarding_pass-21.png	From	O
boarding_pass-21.png	San	B-FDEPART
boarding_pass-21.png	Francisco	I-FDEPART
boarding_pass-21.png	oO	O
boarding_pass-21.png	To	O
boarding_pass-21.png	Chicago	B-FARRIVAL
boarding_pass-21.png	From:	O
boarding_pass-21.png	San	B-SFDEPART
boarding_pass-21.png	Francisco	I-SFDEPART
boarding_pass-21.png	Date	O
boarding_pass-21.png	Baggage	O
boarding_pass-21.png	Seat	O
boarding_pass-21.png	Seat	O
boarding_pass-21.png	Date	O
boarding_pass-21.png	_	O
boarding_pass-21.png	To:	O
boarding_pass-21.png	Chicago	B-FARRIVAL
boarding_pass-21.png	April	B-DATE
boarding_pass-21.png	20,	I-DATE
boarding_pass-21.png	2022	I-DATE
boarding_pass-21.png	YES	B-BAGGAGE
boarding_pass-21.png	April	B-SDATE
boarding_pass-21.png	20,	I-SDATE
boarding_pass-21.png	2022	I-SDATE
boarding_pass-21.png	+—	O
boarding_pass-21.png	O	O
boarding_pass-21.png	GATE	O
boarding_pass-21.png	Boarding	O
boarding_pass-21.png	Time	O
boarding_pass-21.png	GATE	O
boarding_pass-21.png	_	O
boarding_pass-21.png	Boarding	O
boarding_pass-21.png	Time	O
boarding_pass-21.png	Gl	B-GATE
boarding_pass-21.png	:	O
boarding_pass-21.png	2	O
boarding_pass-21.png	10:00	B-BOARDINGTIME
boarding_pass-21.png	AM	I-BOARDINGTIME
boarding_pass-21.png	PST	I-BOARDINGTIME
boarding_pass-21.png	Gl	B-SGATE
boarding_pass-21.png	10:00	B-SBOARDINGTIME
boarding_pass-21.png	AM	I-SBOARDINGTIME
boarding_pass-21.png	PST	I-SBOARDINGTIME
boarding_pass-21.png	O	O
boarding_pass-21.png	>	O
boarding_pass-22.png	ETK-31007352E	B-TNUMBER
boarding_pass-22.png	Passenger	O
boarding_pass-22.png	Name	O
boarding_pass-22.png	Carrier	O
boarding_pass-22.png	Flight	O
boarding_pass-22.png	No.	O
boarding_pass-22.png	Class	O
boarding_pass-22.png	|	O
boarding_pass-22.png	Passenger	O
boarding_pass-22.png	Name	O
boarding_pass-22.png	Ronaldo	B-NAME
boarding_pass-22.png	Azameria	I-NAME
boarding_pass-22.png	UA	B-CARRIER
boarding_pass-22.png	234	B-NOFLIGHT
boarding_pass-22.png	E	B-CLASS
boarding_pass-22.png	Ronaldo	B-SNAME
boarding_pass-22.png	Azameria	I-SNAME
boarding_pass-22.png	From	O
boarding_pass-22.png	—	O
boarding_pass-22.png	San	B-FDEPART
boarding_pass-22.png	Francisco	I-FDEPART
boarding_pass-22.png	To	O
boarding_pass-22.png	Chicago	B-FARRIVAL
boarding_pass-22.png	From:	O
boarding_pass-22.png	San	B-SFDEPART
boarding_pass-22.png	Francisco	I-SFDEPART
boarding_pass-22.png	Date	O
boarding_pass-22.png	_	O
boarding_pass-22.png	Seat	O
boarding_pass-22.png	Seat	O
boarding_pass-22.png	Date	O
boarding_pass-22.png	To:	O
boarding_pass-22.png	Chicago	B-SFARRIVAL
boarding_pass-22.png	April	B-DATE
boarding_pass-22.png	20,	I-DATE
boarding_pass-22.png	2022	I-DATE
boarding_pass-22.png	38D	B-NOSEAT
boarding_pass-22.png	April	B-SDATE
boarding_pass-22.png	20,	I-SDATE
boarding_pass-22.png	2022	I-SDATE
boarding_pass-22.png	GATE	O
boarding_pass-22.png	Boarding	O
boarding_pass-22.png	Time	O
boarding_pass-22.png	GATE	O
boarding_pass-22.png	Time	O
boarding_pass-22.png	Gl	B-GATE
boarding_pass-22.png	10:00	B-BOARDINGTIME
boarding_pass-22.png	AM	I-BOARDINGTIME
boarding_pass-22.png	PST	I-BOARDINGTIME
boarding_pass-22.png	1	O
boarding_pass-22.png	10:00	B-SBOARDINGTIME
boarding_pass-22.png	AM	I-SBOARDINGTIME
boarding_pass-22.png	PST	I-SBOARDINGTIME
boarding_pass-22.png	Yeshua	O
boarding_pass-22.png	the	O
boarding_pass-22.png	savior	O
boarding_pass-22.png	Q	O
boarding_pass-23.png	ETK-21007352E	B-TNUMBER
boarding_pass-23.png	Passenger	O
boarding_pass-23.png	Name	O
boarding_pass-23.png	Carrier	O
boarding_pass-23.png	Flight	O
boarding_pass-23.png	No.	O
boarding_pass-23.png	Class	O
boarding_pass-23.png	Passenger	O
boarding_pass-23.png	Name	O
boarding_pass-23.png	6	O
boarding_pass-23.png	_	O
boarding_pass-23.png	Joel	B-NAME
boarding_pass-23.png	John	I-NAME
boarding_pass-23.png	UA	B-CARRIER
boarding_pass-23.png	234	B-NOFLIGHT
boarding_pass-23.png	E	B-CLASS
boarding_pass-23.png	Joel	B-SNAME
boarding_pass-23.png	John	I-SNAME
boarding_pass-23.png	.	O
boarding_pass-23.png	>	O
boarding_pass-23.png	From	O
boarding_pass-23.png	San	B-FDEPART
boarding_pass-23.png	Francisco	I-FDEPART
boarding_pass-23.png	oO	O
boarding_pass-23.png	To	O
boarding_pass-23.png	Chicago	B-FARRIVAL
boarding_pass-23.png	From:	O
boarding_pass-23.png	San	B-SFDEPART
boarding_pass-23.png	Francisco	I-SFDEPART
boarding_pass-23.png	Date	O
boarding_pass-23.png	Baggage	O
boarding_pass-23.png	Seat	O
boarding_pass-23.png	Seat	O
boarding_pass-23.png	Date	O
boarding_pass-23.png	_	O
boarding_pass-23.png	To:	O
boarding_pass-23.png	Chicago	B-SFARRIVAL
boarding_pass-23.png	April	B-DATE
boarding_pass-23.png	20,	I-DATE
boarding_pass-23.png	2022	I-DATE
boarding_pass-23.png	NO	B-BAGGAGE
boarding_pass-23.png	35D	B-NOSEAT
boarding_pass-23.png	April	B-SDATE
boarding_pass-23.png	20,	I-SDATE
boarding_pass-23.png	2022	I-SDATE
boarding_pass-23.png	O	O
boarding_pass-23.png	GATE	O
boarding_pass-23.png	Boarding	O
boarding_pass-23.png	Time	O
boarding_pass-23.png	GATE	O
boarding_pass-23.png	Boarding	O
boarding_pass-23.png	Time	O
boarding_pass-23.png	Gl	B-GATE
boarding_pass-23.png	:	O
boarding_pass-23.png	2	O
boarding_pass-23.png	10:00	B-BOARDINGTIME
boarding_pass-23.png	AM	I-BOARDINGTIME
boarding_pass-23.png	PST	I-BOARDINGTIME
boarding_pass-23.png	Gl	B-SGATE
boarding_pass-23.png	10:00	B-SBOARDINGTIME
boarding_pass-23.png	AM	I-SBOARDINGTIME
boarding_pass-23.png	PST	I-SBOARDINGTIME
boarding_pass-23.png	Ww	O
boarding_pass-23.png	O	O
boarding_pass-24.png	ETK-31207302E	B-TNUMBER
boarding_pass-24.png	Passenger	O
boarding_pass-24.png	Name	O
boarding_pass-24.png	Carrier	O
boarding_pass-24.png	Flight	O
boarding_pass-24.png	No.	O
boarding_pass-24.png	Class	O
boarding_pass-24.png	Passenger	O
boarding_pass-24.png	Name	O
boarding_pass-24.png	©	O
boarding_pass-24.png	Ofumi	I-NAME
boarding_pass-24.png	UA	B-CARRIER
boarding_pass-24.png	234	B-NOFLIGHT
boarding_pass-24.png	E	B-CLASS
boarding_pass-24.png	Tinubu	B-SNAME
boarding_pass-24.png	Ofumi	I-SNAME
boarding_pass-24.png	.	O
boarding_pass-24.png	>	O
boarding_pass-24.png	From	O
boarding_pass-24.png	San	B-FDEPART
boarding_pass-24.png	Francisco	I-FDEPART
boarding_pass-24.png	oO	O
boarding_pass-24.png	To	O
boarding_pass-24.png	Chicago	B-FARRIVAL
boarding_pass-24.png	From:	O
boarding_pass-24.png	San	B-SFDEPART
boarding_pass-24.png	Francisco	I-SFDEPART
boarding_pass-24.png	Date	O
boarding_pass-24.png	Baggage	O
boarding_pass-24.png	Seat	O
boarding_pass-24.png	Seat	O
boarding_pass-24.png	Date	O
boarding_pass-24.png	_	O
boarding_pass-24.png	To:	O
boarding_pass-24.png	Chicago	B-SFARRIVAL
boarding_pass-24.png	April	B-DATE
boarding_pass-24.png	20,	I-DATE
boarding_pass-24.png	2022	I-DATE
boarding_pass-24.png	NO	B-BAGGAGE
boarding_pass-24.png	28C	B-NOSEAT
boarding_pass-24.png	28C	B-SNOSEAT
boarding_pass-24.png	April	B-SDATE
boarding_pass-24.png	20,	I-SDATE
boarding_pass-24.png	2022	I-SDATE
boarding_pass-24.png	+—	O
boarding_pass-24.png	O	O
boarding_pass-24.png	GATE	O
boarding_pass-24.png	Boarding	O
boarding_pass-24.png	Time	O
boarding_pass-24.png	GATE	O
boarding_pass-24.png	Boarding	O
boarding_pass-24.png	Time	O
boarding_pass-24.png	Gl	B-GATE
boarding_pass-24.png	:	O
boarding_pass-24.png	2	O
boarding_pass-24.png	10:00	B-BOARDINGTIME
boarding_pass-24.png	AM	I-BOARDINGTIME
boarding_pass-24.png	PST	I-BOARDINGTIME
boarding_pass-24.png	Gl	B-SGATE
boarding_pass-24.png	10:00	B-SBOARDINGTIME
boarding_pass-24.png	AM	I-SBOARDINGTIME
boarding_pass-24.png	PST	I-SBOARDINGTIME
boarding_pass-24.png	O	O
boarding_pass-24.png	>	O
boarding_pass-25.png	ETK-31207002E	B-TNUMBER
boarding_pass-25.png	Passenger	O
boarding_pass-25.png	Name	O
boarding_pass-25.png	Carrier	O
boarding_pass-25.png	Flight	O
boarding_pass-25.png	No.	O
boarding_pass-25.png	Class	O
boarding_pass-25.png	Passenger	O
boarding_pass-25.png	Name	O
boarding_pass-25.png	©	O
boarding_pass-25.png	Janah	I-NAME
boarding_pass-25.png	UA	B-CARRIER
boarding_pass-25.png	234	B-NOFLIGHT
boarding_pass-25.png	E	B-CLASS
boarding_pass-25.png	Cliff	B-SNAME
boarding_pass-25.png	Janah	I-SNAME
boarding_pass-25.png	.	O
boarding_pass-25.png	>	O
boarding_pass-25.png	From	O
boarding_pass-25.png	San	B-FDEPART
boarding_pass-25.png	Francisco	I-FDEPART
boarding_pass-25.png	oO	O
boarding_pass-25.png	To	O
boarding_pass-25.png	Chicago	B-FARRIVAL
boarding_pass-25.png	From:	O
boarding_pass-25.png	San	B-SFDEPART
boarding_pass-25.png	Francisco	I-SFDEPART
boarding_pass-25.png	Date	O
boarding_pass-25.png	Baggage	O
boarding_pass-25.png	Seat	O
boarding_pass-25.png	Seat	O
boarding_pass-25.png	Date	O
boarding_pass-25.png	_	O
boarding_pass-25.png	To:	O
boarding_pass-25.png	Chicago	B-SFARRIVAL
boarding_pass-25.png	April	B-DATE
boarding_pass-25.png	202,022.00	I-DATE
boarding_pass-25.png	YES	I-DATE
boarding_pass-25.png	18A	B-BAGGAGE
boarding_pass-25.png	18A	B-NOSEAT
boarding_pass-25.png	April	B-SNOSEAT
boarding_pass-25.png	20,	B-SDATE
boarding_pass-25.png	2022	I-SDATE
boarding_pass-25.png	O	I-SDATE
boarding_pass-25.png	GATE	O
boarding_pass-25.png	Boarding	O
boarding_pass-25.png	Time	O
boarding_pass-25.png	GATE	O
boarding_pass-25.png	Boarding	O
boarding_pass-25.png	Time	O
boarding_pass-25.png	Gl	B-GATE
boarding_pass-25.png	:	O
boarding_pass-25.png	2	O
boarding_pass-25.png	10:00	B-BOARDINGTIME
boarding_pass-25.png	AM	I-BOARDINGTIME
boarding_pass-25.png	PST	I-BOARDINGTIME
boarding_pass-25.png	Gl	B-SGATE
boarding_pass-25.png	10:00	B-SBOARDINGTIME
boarding_pass-25.png	AM	I-SBOARDINGTIME
boarding_pass-25.png	PST	I-SBOARDINGTIME
boarding_pass-25.png	O	O
boarding_pass-25.png	>	O
boarding_pass-26.png	ETK-31207062E	B-TNUMBER
boarding_pass-26.png	Passenger	O
boarding_pass-26.png	Name	O
boarding_pass-26.png	Carrier	O
boarding_pass-26.png	Flight	O
boarding_pass-26.png	No.	O
boarding_pass-26.png	Class	O
boarding_pass-26.png	Passenger	O
boarding_pass-26.png	Name	O
boarding_pass-26.png	Clifford	B-NAME
boarding_pass-26.png	Janeth	I-NAME
boarding_pass-26.png	UA	B-CARRIER
boarding_pass-26.png	234	B-NOFLIGHT
boarding_pass-26.png	E	B-CLASS
boarding_pass-26.png	Clifford	B-SNAME
boarding_pass-26.png	Janeth	I-SNAME
boarding_pass-26.png	From	O
boarding_pass-26.png	San	B-FDEPART
boarding_pass-26.png	Francisco	I-FDEPART
boarding_pass-26.png	To	O
boarding_pass-26.png	Chicago	B-FARRIVAL
boarding_pass-26.png	From:	O
boarding_pass-26.png	San	B-SFDEPART
boarding_pass-26.png	Francisco	I-SFDEPART
boarding_pass-26.png	Date	O
boarding_pass-26.png	Seat	O
boarding_pass-26.png	Seat	O
boarding_pass-26.png	Date	O
boarding_pass-26.png	To:	O
boarding_pass-26.png	Chicago	B-SFARRIVAL
boarding_pass-26.png	April	B-DATE
boarding_pass-26.png	20,	I-DATE
boarding_pass-26.png	2022	I-DATE
boarding_pass-26.png	15C	B-NOSEAT
boarding_pass-26.png	April	B-SDATE
boarding_pass-26.png	20,	I-SDATE
boarding_pass-26.png	2022	I-SDATE
boarding_pass-26.png	Q	O
boarding_pass-26.png	GATE	O
boarding_pass-26.png	_	O
boarding_pass-26.png	Boarding	O
boarding_pass-26.png	Time	O
boarding_pass-26.png	GATE	O
boarding_pass-26.png	_	O
boarding_pass-26.png	Boarding	O
boarding_pass-26.png	Time	O
boarding_pass-26.png	Gl	B-GATE
boarding_pass-26.png	10:00	B-BOARDINGTIME
boarding_pass-26.png	AM	I-BOARDINGTIME
boarding_pass-26.png	PST	I-BOARDINGTIME
boarding_pass-26.png	1	O
boarding_pass-26.png	10:00	B-SBOARDINGTIME
boarding_pass-26.png	AM	I-SBOARDINGTIME
boarding_pass-26.png	PST	I-SBOARDINGTIME
boarding_pass-26.png	Yeshua	O
boarding_pass-26.png	the	O
boarding_pass-26.png	savior	O
boarding_pass-27.png	ETK-31007062E	B-TNUMBER
boarding_pass-27.png	Passenger	O
boarding_pass-27.png	Name	O
boarding_pass-27.png	Carrier	O
boarding_pass-27.png	Flight	O
boarding_pass-27.png	No.	O
boarding_pass-27.png	Class	O
boarding_pass-27.png	Passenger	O
boarding_pass-27.png	Name	O
boarding_pass-27.png	Svankowski	B-NAME
boarding_pass-27.png	Jamal	I-NAME
boarding_pass-27.png	UA	B-CARRIER
boarding_pass-27.png	234	B-NOFLIGHT
boarding_pass-27.png	E	B-CLASS
boarding_pass-27.png	Svankowski	B-SNAME
boarding_pass-27.png	Jamal	I-SNAME
boarding_pass-27.png	.	O
boarding_pass-27.png	>	O
boarding_pass-27.png	From	O
boarding_pass-27.png	San	B-FDEPART
boarding_pass-27.png	Francisco	I-FDEPART
boarding_pass-27.png	Oo	O
boarding_pass-27.png	To	O
boarding_pass-27.png	Chicago	B-FARRIVAL
boarding_pass-27.png	From:	O
boarding_pass-27.png	San	B-SFDEPART
boarding_pass-27.png	Francisco	I-SFDEPART
boarding_pass-27.png	Date	O
boarding_pass-27.png	Baggage	O
boarding_pass-27.png	Seat	O
boarding_pass-27.png	Seat	O
boarding_pass-27.png	Date	O
boarding_pass-27.png	_	O
boarding_pass-27.png	To:	O
boarding_pass-27.png	Chicago	B-SFARRIVAL
boarding_pass-27.png	April	B-DATE
boarding_pass-27.png	20,	I-DATE
boarding_pass-27.png	2022	I-DATE
boarding_pass-27.png	NO	B-BAGGAGE
boarding_pass-27.png	35C	B-NOSEAT
boarding_pass-27.png	335C	B-SNOSEAT
boarding_pass-27.png	April	B-SDATE
boarding_pass-27.png	20,	I-SDATE
boarding_pass-27.png	2022	I-SDATE
boarding_pass-27.png	O	O
boarding_pass-27.png	GATE	O
boarding_pass-27.png	_	O
boarding_pass-27.png	Boarding	O
boarding_pass-27.png	Time	O
boarding_pass-27.png	GATE	O
boarding_pass-27.png	Boarding	O
boarding_pass-27.png	Time	O
boarding_pass-27.png	Gl	B-GATE
boarding_pass-27.png	:	O
boarding_pass-27.png	2	O
boarding_pass-27.png	10:00	B-BOARDINGTIME
boarding_pass-27.png	AM	I-BOARDINGTIME
boarding_pass-27.png	PST	I-BOARDINGTIME
boarding_pass-27.png	Gl	B-SGATE
boarding_pass-27.png	10:00	B-SBOARDINGTIME
boarding_pass-27.png	AM	I-SBOARDINGTIME
boarding_pass-27.png	PST	I-SBOARDINGTIME
boarding_pass-27.png	O	O
boarding_pass-27.png	>	O
boarding_pass-28.png	Passenger	O
boarding_pass-28.png	Name	O
boarding_pass-28.png	Carrier	O
boarding_pass-28.png	Flight	O
boarding_pass-28.png	No.	O
boarding_pass-28.png	Class	O
boarding_pass-28.png	Passenger	O
boarding_pass-28.png	Name	O
boarding_pass-28.png	Dan	O
boarding_pass-28.png	James	I-NAME
boarding_pass-28.png	UA	B-CARRIER
boarding_pass-28.png	234	B-NOFLIGHT
boarding_pass-28.png	E	B-CLASS
boarding_pass-28.png	Dan	B-SNAME
boarding_pass-28.png	James	I-SNAME
boarding_pass-28.png	.	O
boarding_pass-28.png	>	O
boarding_pass-28.png	From	O
boarding_pass-28.png	San	B-FDEPART
boarding_pass-28.png	Francisco	I-FDEPART
boarding_pass-28.png	oO	O
boarding_pass-28.png	To	O
boarding_pass-28.png	Chicago	B-FARRIVAL
boarding_pass-28.png	From:	O
boarding_pass-28.png	San	B-SFDEPART
boarding_pass-28.png	Francisco	I-SFDEPART
boarding_pass-28.png	Date	O
boarding_pass-28.png	Baggage	O
boarding_pass-28.png	Seat	O
boarding_pass-28.png	—	O
boarding_pass-28.png	Seat	O
boarding_pass-28.png	Date	O
boarding_pass-28.png	|	O
boarding_pass-28.png	To:	O
boarding_pass-28.png	Chicago	B-SFARRIVAL
boarding_pass-28.png	April	B-DATE
boarding_pass-28.png	20,	I-DATE
boarding_pass-28.png	2022	I-DATE
boarding_pass-28.png	YES	B-BAGGAGE
boarding_pass-28.png	33C	B-NOSEAT
boarding_pass-28.png	33C	B-SNOSEAT
boarding_pass-28.png	April	B-SDATE
boarding_pass-28.png	20,	I-SDATE
boarding_pass-28.png	2022	I-SDATE
boarding_pass-28.png	+—	O
boarding_pass-28.png	O	O
boarding_pass-28.png	GATE	O
boarding_pass-28.png	Boarding	O
boarding_pass-28.png	Time	O
boarding_pass-28.png	GATE	O
boarding_pass-28.png	Boarding	O
boarding_pass-28.png	Time	O
boarding_pass-28.png	Gl	B-GATE
boarding_pass-28.png	:	O
boarding_pass-28.png	2	O
boarding_pass-28.png	10:00	B-BOARDINGTIME
boarding_pass-28.png	AM	I-BOARDINGTIME
boarding_pass-28.png	PST	I-BOARDINGTIME
boarding_pass-28.png	Gl	B-SGATE
boarding_pass-28.png	10:00	B-SBOARDINGTIME
boarding_pass-28.png	AM	I-SBOARDINGTIME
boarding_pass-28.png	PST	I-SBOARDINGTIME
boarding_pass-28.png	O	O
boarding_pass-29.png	ETK-11007062E	B-TNUMBER
boarding_pass-29.png	Passenger	O
boarding_pass-29.png	Name	O
boarding_pass-29.png	Carrier	O
boarding_pass-29.png	Flight	O
boarding_pass-29.png	No.	O
boarding_pass-29.png	Class	O
boarding_pass-29.png	Passenger	O
boarding_pass-29.png	Name	O
boarding_pass-29.png	Robert	B-NAME
boarding_pass-29.png	Patricia	I-NAME
boarding_pass-29.png	UA	B-CARRIER
boarding_pass-29.png	234	B-NOFLIGHT
boarding_pass-29.png	E	B-CLASS
boarding_pass-29.png	Robert	B-SNAME
boarding_pass-29.png	Patricia	I-SNAME
boarding_pass-29.png	.	O
boarding_pass-29.png	>	O
boarding_pass-29.png	From	O
boarding_pass-29.png	San	B-FDEPART
boarding_pass-29.png	Francisco	I-FDEPART
boarding_pass-29.png	oO	O
boarding_pass-29.png	To	O
boarding_pass-29.png	Chicago	B-FARRIVAL
boarding_pass-29.png	From:	O
boarding_pass-29.png	San	B-SFDEPART
boarding_pass-29.png	Francisco	I-SFDEPART
boarding_pass-29.png	Date	O
boarding_pass-29.png	Baggage	O
boarding_pass-29.png	Seat	O
boarding_pass-29.png	—	O
boarding_pass-29.png	Seat	O
boarding_pass-29.png	Date	O
boarding_pass-29.png	|	O
boarding_pass-29.png	To:	O
boarding_pass-29.png	Chicago	B-SFARRIVAL
boarding_pass-29.png	April	B-DATE
boarding_pass-29.png	20,	I-DATE
boarding_pass-29.png	2022	I-DATE
boarding_pass-29.png	NO	B-BAGGAGE
boarding_pass-29.png	April	B-SDATE
boarding_pass-29.png	20,	I-SDATE
boarding_pass-29.png	2022	I-SDATE
boarding_pass-29.png	+—	O
boarding_pass-29.png	O	O
boarding_pass-29.png	GATE	O
boarding_pass-29.png	Boarding	O
boarding_pass-29.png	Time	O
boarding_pass-29.png	GATE	O
boarding_pass-29.png	Boarding	O
boarding_pass-29.png	Time	O
boarding_pass-29.png	Gl	B-GATE
boarding_pass-29.png	:	O
boarding_pass-29.png	2	O
boarding_pass-29.png	10:00	B-BOARDINGTIME
boarding_pass-29.png	AM	I-BOARDINGTIME
boarding_pass-29.png	PST	I-BOARDINGTIME
boarding_pass-29.png	Gl	B-SGATE
boarding_pass-29.png	10:00	B-SBOARDINGTIME
boarding_pass-29.png	AM	I-SBOARDINGTIME
boarding_pass-29.png	PST	I-SBOARDINGTIME
boarding_pass-29.png	O	O
boarding_pass-29.png	>	O
boarding_pass-3.png	ETK-303A6746F	B-TNUMBER
boarding_pass-3.png	Passenger	O
boarding_pass-3.png	Name	O
boarding_pass-3.png	Carrier	O
boarding_pass-3.png	Flight	O
boarding_pass-3.png	No.	O
boarding_pass-3.png	Class	O
boarding_pass-3.png	Passenger	O
boarding_pass-3.png	Name	O
boarding_pass-3.png	Christ	B-NAME
boarding_pass-3.png	Daniel	I-NAME
boarding_pass-3.png	UA	B-CARRIER
boarding_pass-3.png	234	B-NOFLIGHT
boarding_pass-3.png	B	B-CLASS
boarding_pass-3.png	Christ	B-SNAME
boarding_pass-3.png	Daniel	I-SNAME
boarding_pass-3.png	From	O
boarding_pass-3.png	San	B-FDEPART
boarding_pass-3.png	Francisco	I-FDEPART
boarding_pass-3.png	To	O
boarding_pass-3.png	Chicago	B-FARRIVAL
boarding_pass-3.png	From:	O
boarding_pass-3.png	San	B-SFDEPART
boarding_pass-3.png	Francisco	I-SFDEPART
boarding_pass-3.png	Date	O
boarding_pass-3.png	Seat	O
boarding_pass-3.png	Seat	O
boarding_pass-3.png	Date	O
boarding_pass-3.png	To:	O
boarding_pass-3.png	Chicago	B-SFARRIVAL
boarding_pass-3.png	April	B-DATE
boarding_pass-3.png	20,	I-DATE
boarding_pass-3.png	2022	I-DATE
boarding_pass-3.png	89G	B-NOSEAT
boarding_pass-3.png	April	B-SDATE
boarding_pass-3.png	20,	I-SDATE
boarding_pass-3.png	2022	I-SDATE
boarding_pass-3.png	GATE	O
boarding_pass-3.png	Boarding	O
boarding_pass-3.png	Time	O
boarding_pass-3.png	GATE	O
boarding_pass-3.png	Boarding	O
boarding_pass-3.png	Time	O
boarding_pass-3.png	Gl	B-GATE
boarding_pass-3.png	10:00	B-BOARDINGTIME
boarding_pass-3.png	AM	I-BOARDINGTIME
boarding_pass-3.png	PST	I-BOARDINGTIME
boarding_pass-3.png	1	O
boarding_pass-3.png	10:00	B-SBOARDINGTIME
boarding_pass-3.png	AM	I-SBOARDINGTIME
boarding_pass-3.png	PST	I-SBOARDINGTIME
boarding_pass-3.png	Yeshua	O
boarding_pass-3.png	the	O
boarding_pass-3.png	savior	O
boarding_pass-3.png	Q	O
boarding_pass-30.png	ETK-11007060E	B-TNUMBER
boarding_pass-30.png	Passenger	O
boarding_pass-30.png	Name	O
boarding_pass-30.png	Carrier	O
boarding_pass-30.png	Flight	O
boarding_pass-30.png	No.	O
boarding_pass-30.png	Class	O
boarding_pass-30.png	Passenger	O
boarding_pass-30.png	Name	O
boarding_pass-30.png	Michael	B-NAME
boarding_pass-30.png	Linda	I-NAME
boarding_pass-30.png	UA	B-CARRIER
boarding_pass-30.png	234	B-NOFLIGHT
boarding_pass-30.png	E	B-CLASS
boarding_pass-30.png	Michael	B-SNAME
boarding_pass-30.png	Linda	I-SNAME
boarding_pass-30.png	.	O
boarding_pass-30.png	>	O
boarding_pass-30.png	From	O
boarding_pass-30.png	San	B-FDEPART
boarding_pass-30.png	Francisco	I-FDEPART
boarding_pass-30.png	oO	O
boarding_pass-30.png	To	O
boarding_pass-30.png	Chicago	B-FARRIVAL
boarding_pass-30.png	From:	O
boarding_pass-30.png	San	B-SFDEPART
boarding_pass-30.png	Francisco	I-SFDEPART
boarding_pass-30.png	Date	O
boarding_pass-30.png	Seat	O
boarding_pass-30.png	Seat	O
boarding_pass-30.png	Date	O
boarding_pass-30.png	|	O
boarding_pass-30.png	To:	O
boarding_pass-30.png	Chicago	B-SFARRIVAL
boarding_pass-30.png	April	B-DATE
boarding_pass-30.png	202,022.00	I-DATE
boarding_pass-30.png	|	O
boarding_pass-30.png	YE	O
boarding_pass-30.png	46C	B-NOSEAT
boarding_pass-30.png	April	B-SDATE
boarding_pass-30.png	20,	I-SDATE
boarding_pass-30.png	2022	I-SDATE
boarding_pass-30.png	+—	O
boarding_pass-30.png	O	O
boarding_pass-30.png	GATE	O
boarding_pass-30.png	Boarding	O
boarding_pass-30.png	Time	O
boarding_pass-30.png	GATE	O
boarding_pass-30.png	Boarding	O
boarding_pass-30.png	Time	O
boarding_pass-30.png	Gl	B-GATE
boarding_pass-30.png	:	O
boarding_pass-30.png	2	O
boarding_pass-30.png	10:00	B-BOARDINGTIME
boarding_pass-30.png	AM	I-BOARDINGTIME
boarding_pass-30.png	PST	I-BOARDINGTIME
boarding_pass-30.png	Gl	B-SGATE
boarding_pass-30.png	10:00	B-SBOARDINGTIME
boarding_pass-30.png	AM	I-SBOARDINGTIME
boarding_pass-30.png	PST	I-SBOARDINGTIME
boarding_pass-30.png	O	O
boarding_pass-4.png		O
boarding_pass-4.png		O
boarding_pass-4.png		O
boarding_pass-4.png		O
boarding_pass-4.png		O
boarding_pass-4.png		O
boarding_pass-4.png		O
boarding_pass-4.png		O
boarding_pass-4.png		O
boarding_pass-4.png		O
boarding_pass-4.png		O
boarding_pass-4.png		O
boarding_pass-4.png		O
boarding_pass-4.png		O
boarding_pass-4.png	Passenger	O
boarding_pass-4.png	Name	O
boarding_pass-4.png	Carrier	O
boarding_pass-4.png	Flight	O
boarding_pass-4.png	No.	O
boarding_pass-4.png	Class	O
boarding_pass-4.png	Passenger	O
boarding_pass-4.png	Name	O
boarding_pass-4.png	Anna	B-NAME
boarding_pass-4.png	John	I-NAME
boarding_pass-4.png	UA	B-CARRIER
boarding_pass-4.png	234	B-NOFLIGHT
boarding_pass-4.png	B	B-CLASS
boarding_pass-4.png	Anna	B-SNAME
boarding_pass-4.png	John	I-SNAME
boarding_pass-4.png	.	O
boarding_pass-4.png	>	O
boarding_pass-4.png	From	O
boarding_pass-4.png	San	B-FDEPART
boarding_pass-4.png	Francisco	I-FDEPART
boarding_pass-4.png	oO	O
boarding_pass-4.png	To	O
boarding_pass-4.png	Chicago	B-FARRIVAL
boarding_pass-4.png	From:	O
boarding_pass-4.png	San	B-SFDEPART
boarding_pass-4.png	Francisco	I-SFDEPART
boarding_pass-4.png	Date	O
boarding_pass-4.png	we	O
boarding_pass-4.png	Seat	O
boarding_pass-4.png	Seat	O
boarding_pass-4.png	Date	O
boarding_pass-4.png	_	O
boarding_pass-4.png	To:	O
boarding_pass-4.png	Chicago	B-SFARRIVAL
boarding_pass-4.png	April	B-DATE
boarding_pass-4.png	20,	I-DATE
boarding_pass-4.png	2022	I-DATE
boarding_pass-4.png	92G	B-NOSEAT
boarding_pass-4.png	April	B-SDATE
boarding_pass-4.png	20,	I-SDATE
boarding_pass-4.png	2022	I-SDATE
boarding_pass-4.png	O	O
boarding_pass-4.png	GATE	O
boarding_pass-4.png	Boarding	O
boarding_pass-4.png	Time	O
boarding_pass-4.png	|	O
boarding_pass-4.png	|	O
boarding_pass-4.png	|	O
boarding_pass-4.png	GATE	O
boarding_pass-4.png	_	O
boarding_pass-4.png	Boarding	O
boarding_pass-4.png	Time	O
boarding_pass-4.png	Gl	B-GATE
boarding_pass-4.png	:	O
boarding_pass-4.png	2	O
boarding_pass-4.png	10:00	B-BOARDINGTIME
boarding_pass-4.png	AM	I-BOARDINGTIME
boarding_pass-4.png	PST	I-BOARDINGTIME
boarding_pass-4.png	Gl	B-SGATE
boarding_pass-4.png	10:00	B-SBOARDINGTIME
boarding_pass-4.png	AM	I-SBOARDINGTIME
boarding_pass-4.png	PST	I-SBOARDINGTIME
boarding_pass-4.png	Ww	O
boarding_pass-4.png	oO	O
boarding_pass-4.png	>	O
boarding_pass-5.png	ETK-300A6346F	B-TNUMBER
boarding_pass-5.png	Passenger	O
boarding_pass-5.png	Name	O
boarding_pass-5.png	Carrier	O
boarding_pass-5.png	Flight	O
boarding_pass-5.png	No.	O
boarding_pass-5.png	Class	O
boarding_pass-5.png	Passenger	O
boarding_pass-5.png	Name	O
boarding_pass-5.png	Julia	B-NAME
boarding_pass-5.png	Ali	I-NAME
boarding_pass-5.png	Muhamed	I-NAME
boarding_pass-5.png	UA	B-CARRIER
boarding_pass-5.png	234	B-NOFLIGHT
boarding_pass-5.png	B	B-CLASS
boarding_pass-5.png	Julia	B-SNAME
boarding_pass-5.png	Ali	I-SNAME
boarding_pass-5.png	Muhamed	I-SNAME
boarding_pass-5.png	From	O
boarding_pass-5.png	San	B-FDEPART
boarding_pass-5.png	Francisco	I-FDEPART
boarding_pass-5.png	To	O
boarding_pass-5.png	Chicago	B-FARRIVAL
boarding_pass-5.png	From:	O
boarding_pass-5.png	San	B-SFDEPART
boarding_pass-5.png	Francisco	I-SFDEPART
boarding_pass-5.png	Date	O
boarding_pass-5.png	we	O
boarding_pass-5.png	Seat	O
boarding_pass-5.png	Seat	O
boarding_pass-5.png	Date	O
boarding_pass-5.png	To:	O
boarding_pass-5.png	Chicago	B-SFARRIVAL
boarding_pass-5.png	April	B-DATE
boarding_pass-5.png	20,	I-DATE
boarding_pass-5.png	2022	I-DATE
boarding_pass-5.png	97G	B-NOSEAT
boarding_pass-5.png	April	B-SDATE
boarding_pass-5.png	20,	I-SDATE
boarding_pass-5.png	2022	I-SDATE
boarding_pass-5.png	GATE	O
boarding_pass-5.png	Boarding	O
boarding_pass-5.png	Time	O
boarding_pass-5.png	Gl	B-GATE
boarding_pass-5.png	10:00	B-BOARDINGTIME
boarding_pass-5.png	AM	I-BOARDINGTIME
boarding_pass-5.png	PST	I-BOARDINGTIME
boarding_pass-5.png	GATE	O
boarding_pass-5.png	Boarding	O
boarding_pass-5.png	Time	O
boarding_pass-5.png		O
boarding_pass-5.png		O
boarding_pass-5.png		O
boarding_pass-5.png		O
boarding_pass-5.png		O
boarding_pass-5.png		O
boarding_pass-5.png		O
boarding_pass-5.png		O
boarding_pass-5.png		O
boarding_pass-5.png		O
boarding_pass-5.png		O
boarding_pass-5.png		O
boarding_pass-5.png		O
boarding_pass-5.png		O
boarding_pass-5.png	Gl	B-SGATE
boarding_pass-5.png	10:00	B-SBOARDINGTIME
boarding_pass-5.png	AM	I-SBOARDINGTIME
boarding_pass-5.png	PST	I-SBOARDINGTIME
boarding_pass-5.png	Yeshua	O
boarding_pass-5.png	the	O
boarding_pass-5.png	savior	O
boarding_pass-6.png	ETK-300A5666F	B-TNUMBER
boarding_pass-6.png		O
boarding_pass-6.png		O
boarding_pass-6.png		O
boarding_pass-6.png		O
boarding_pass-6.png		O
boarding_pass-6.png		O
boarding_pass-6.png		O
boarding_pass-6.png		O
boarding_pass-6.png		O
boarding_pass-6.png		O
boarding_pass-6.png		O
boarding_pass-6.png		O
boarding_pass-6.png		O
boarding_pass-6.png		O
boarding_pass-6.png	Passenger	O
boarding_pass-6.png	Name	O
boarding_pass-6.png	Carrier	O
boarding_pass-6.png	Flight	O
boarding_pass-6.png	No.	O
boarding_pass-6.png	Class	O
boarding_pass-6.png		O
boarding_pass-6.png	Passenger	O
boarding_pass-6.png	Name	O
boarding_pass-6.png	Kushmar	B-NAME
boarding_pass-6.png	Sameer	I-NAME
boarding_pass-6.png	UA	B-CARRIER
boarding_pass-6.png	234	B-NOFLIGHT
boarding_pass-6.png	B	B-CLASS
boarding_pass-6.png	Kushmar	B-SNAME
boarding_pass-6.png	Sameer	I-SNAME
boarding_pass-6.png	.	O
boarding_pass-6.png	>	O
boarding_pass-6.png	From	O
boarding_pass-6.png	San	B-FDEPART
boarding_pass-6.png	Francisco	I-FDEPART
boarding_pass-6.png	oO	O
boarding_pass-6.png	To	O
boarding_pass-6.png	Chicago	B-FARRIVAL
boarding_pass-6.png	From:	O
boarding_pass-6.png	San	B-SFDEPART
boarding_pass-6.png	Francisco	I-SFDEPART
boarding_pass-6.png	Date	O
boarding_pass-6.png	Seat	O
boarding_pass-6.png	Seat	O
boarding_pass-6.png	Date	O
boarding_pass-6.png	_	O
boarding_pass-6.png	To:	O
boarding_pass-6.png	Chicago	B-SFARRIVAL
boarding_pass-6.png	April	B-DATE
boarding_pass-6.png	20,	I-DATE
boarding_pass-6.png	2022	I-DATE
boarding_pass-6.png	86H	B-NOSEAT
boarding_pass-6.png	April	B-SDATE
boarding_pass-6.png	20,	I-SDATE
boarding_pass-6.png	2022	I-SDATE
boarding_pass-6.png	O	O
boarding_pass-6.png	GATE	O
boarding_pass-6.png	Boarding	O
boarding_pass-6.png	Time	O
boarding_pass-6.png	GATE	O
boarding_pass-6.png	_	O
boarding_pass-6.png	Boarding	O
boarding_pass-6.png	Time	O
boarding_pass-6.png	Gl	B-GATE
boarding_pass-6.png	:	O
boarding_pass-6.png	2	O
boarding_pass-6.png	10:00	B-BOARDINGTIME
boarding_pass-6.png	AM	I-BOARDINGTIME
boarding_pass-6.png	PST	I-BOARDINGTIME
boarding_pass-6.png	Gl	B-SGATE
boarding_pass-6.png	10:00	B-SBOARDINGTIME
boarding_pass-6.png	AM	I-SBOARDINGTIME
boarding_pass-6.png	PST	I-SBOARDINGTIME
boarding_pass-6.png	Ww	O
boarding_pass-6.png	oO	O
boarding_pass-6.png	>	O
boarding_pass-7.png		O
boarding_pass-7.png		O
boarding_pass-7.png		O
boarding_pass-7.png		O
boarding_pass-7.png		O
boarding_pass-7.png		O
boarding_pass-7.png		O
boarding_pass-7.png		O
boarding_pass-7.png		O
boarding_pass-7.png		O
boarding_pass-7.png		O
boarding_pass-7.png		O
boarding_pass-7.png		O
boarding_pass-7.png		O
boarding_pass-7.png		O
boarding_pass-7.png		O
boarding_pass-7.png		O
boarding_pass-7.png		O
boarding_pass-7.png		O
boarding_pass-7.png		O
boarding_pass-7.png		O
boarding_pass-7.png		O
boarding_pass-7.png		O
boarding_pass-7.png		O
boarding_pass-7.png	Passenger	O
boarding_pass-7.png	Name	O
boarding_pass-7.png	Carrier	O
boarding_pass-7.png	Flight	O
boarding_pass-7.png	No.	O
boarding_pass-7.png	Class	O
boarding_pass-7.png	Passenger	O
boarding_pass-7.png	Name	O
boarding_pass-7.png	Martinez	B-NAME
boarding_pass-7.png	Cortez	I-NAME
boarding_pass-7.png	UA	B-CARRIER
boarding_pass-7.png	234	B-NOFLIGHT
boarding_pass-7.png	B	B-CLASS
boarding_pass-7.png	Martinez	B-SNAME
boarding_pass-7.png	Cortez	I-SNAME
boarding_pass-7.png	.	O
boarding_pass-7.png	>	O
boarding_pass-7.png	From	O
boarding_pass-7.png	San	B-FDEPART
boarding_pass-7.png	Francisco	I-FDEPART
boarding_pass-7.png	oO	O
boarding_pass-7.png	To	O
boarding_pass-7.png	Chicago	B-FARRIVAL
boarding_pass-7.png	From:	O
boarding_pass-7.png	San	B-SFDEPART
boarding_pass-7.png	Francisco	I-SFDEPART
boarding_pass-7.png	Date	O
boarding_pass-7.png	Baggage	O
boarding_pass-7.png	Seat	O
boarding_pass-7.png	Seat	O
boarding_pass-7.png	Date	O
boarding_pass-7.png	_	O
boarding_pass-7.png	To:	O
boarding_pass-7.png	Chicago	B-SFARRIVAL
boarding_pass-7.png	April	B-DATE
boarding_pass-7.png	20,	I-DATE
boarding_pass-7.png	2022	I-DATE
boarding_pass-7.png	YES	B-BAGGAGE
boarding_pass-7.png	76G	B-NOSEAT
boarding_pass-7.png	76G	B-SNOSEAT
boarding_pass-7.png	April	B-SDATE
boarding_pass-7.png	20,	I-SDATE
boarding_pass-7.png	2022	I-SDATE
boarding_pass-7.png	O	O
boarding_pass-7.png	GATE	O
boarding_pass-7.png	Boarding	O
boarding_pass-7.png	Time	O
boarding_pass-7.png	|	O
boarding_pass-7.png	|	O
boarding_pass-7.png	|	O
boarding_pass-7.png	|	O
boarding_pass-7.png	|	O
boarding_pass-7.png	|	O
boarding_pass-7.png	|	O
boarding_pass-7.png	|	O
boarding_pass-7.png	|	O
boarding_pass-7.png	GATE	O
boarding_pass-7.png	_	O
boarding_pass-7.png	Boarding	O
boarding_pass-7.png	Time	O
boarding_pass-7.png	Gl	B-GATE
boarding_pass-7.png	:	O
boarding_pass-7.png	2	O
boarding_pass-7.png	10:00	B-BOARDINGTIME
boarding_pass-7.png	AM	I-BOARDINGTIME
boarding_pass-7.png	PST	I-BOARDINGTIME
boarding_pass-7.png	Gl	B-SGATE
boarding_pass-7.png	10:00	B-SBOARDINGTIME
boarding_pass-7.png	AM	I-SBOARDINGTIME
boarding_pass-7.png	PST	I-SBOARDINGTIME
boarding_pass-7.png	Ww	O
boarding_pass-7.png	oO	O
boarding_pass-7.png	>	O
boarding_pass-8.png	ETK-310A6748F	B-TNUMBER
boarding_pass-8.png		O
boarding_pass-8.png		O
boarding_pass-8.png		O
boarding_pass-8.png		O
boarding_pass-8.png		O
boarding_pass-8.png		O
boarding_pass-8.png		O
boarding_pass-8.png		O
boarding_pass-8.png		O
boarding_pass-8.png		O
boarding_pass-8.png		O
boarding_pass-8.png		O
boarding_pass-8.png		O
boarding_pass-8.png	Passenger	O
boarding_pass-8.png	Name	O
boarding_pass-8.png	Carrier	O
boarding_pass-8.png	Flight	O
boarding_pass-8.png	No.	O
boarding_pass-8.png	Class	O
boarding_pass-8.png	Passenger	O
boarding_pass-8.png	Name	O
boarding_pass-8.png	Francois	B-NAME
boarding_pass-8.png	Caleb	I-NAME
boarding_pass-8.png	UA	B-CARRIER
boarding_pass-8.png	234	B-NOFLIGHT
boarding_pass-8.png	B	B-CLASS
boarding_pass-8.png	Francois	B-SNAME
boarding_pass-8.png	Caleb	I-SNAME
boarding_pass-8.png	.	O
boarding_pass-8.png	>	O
boarding_pass-8.png	From	O
boarding_pass-8.png	San	B-FDEPART
boarding_pass-8.png	Francisco	I-FDEPART
boarding_pass-8.png	oO	O
boarding_pass-8.png	To	O
boarding_pass-8.png	Chicago	B-FARRIVAL
boarding_pass-8.png	From:	O
boarding_pass-8.png	San	B-SFDEPART
boarding_pass-8.png	Francisco	I-SFDEPART
boarding_pass-8.png	Date	O
boarding_pass-8.png	we	O
boarding_pass-8.png	Seat	O
boarding_pass-8.png	Seat	O
boarding_pass-8.png	Date	O
boarding_pass-8.png	_	O
boarding_pass-8.png	To:	O
boarding_pass-8.png	Chicago	B-SFARRIVAL
boarding_pass-8.png	April	B-DATE
boarding_pass-8.png	20,	I-DATE
boarding_pass-8.png	2022	I-DATE
boarding_pass-8.png	92F	B-NOSEAT
boarding_pass-8.png	April	B-SDATE
boarding_pass-8.png	20,	I-SDATE
boarding_pass-8.png	2022	I-SDATE
boarding_pass-8.png	GATE	O
boarding_pass-8.png	Boarding	O
boarding_pass-8.png	Time	O
boarding_pass-8.png	GATE	O
boarding_pass-8.png	Boarding	O
boarding_pass-8.png	Time	O
boarding_pass-8.png	Oo	O
boarding_pass-8.png	g	O
boarding_pass-8.png	Gl	B-GATE
boarding_pass-8.png	:	O
boarding_pass-8.png	2	O
boarding_pass-8.png	10:00	B-BOARDINGTIME
boarding_pass-8.png	AM	I-BOARDINGTIME
boarding_pass-8.png	PST	I-BOARDINGTIME
boarding_pass-8.png	Gl	B-SGATE
boarding_pass-8.png	10:00	B-SBOARDINGTIME
boarding_pass-8.png	AM	I-SBOARDINGTIME
boarding_pass-8.png	PST	I-SBOARDINGTIME
boarding_pass-8.png	Ww	O
boarding_pass-8.png	oO	O
boarding_pass-8.png	>	O
boarding_pass-9.png	a	O
boarding_pass-9.png	Passenger	O
boarding_pass-9.png	Name	O
boarding_pass-9.png	Carrier	O
boarding_pass-9.png	Flight	O
boarding_pass-9.png	No.	O
boarding_pass-9.png	Class	O
boarding_pass-9.png	Passenger	O
boarding_pass-9.png	Name	O
boarding_pass-9.png	Juan	B-NAME
boarding_pass-9.png	Garcia	I-NAME
boarding_pass-9.png	UA	B-CARRIER
boarding_pass-9.png	234	B-NOFLIGHT
boarding_pass-9.png	B	B-CLASS
boarding_pass-9.png	Juan	B-SNAME
boarding_pass-9.png	Garcia	I-SNAME
boarding_pass-9.png	From	O
boarding_pass-9.png	San	B-FDEPART
boarding_pass-9.png	Francisco	I-FDEPART
boarding_pass-9.png	To	O
boarding_pass-9.png	Chicago	B-FARRIVAL
boarding_pass-9.png	From:	O
boarding_pass-9.png	San	B-SFDEPART
boarding_pass-9.png	Francisco	I-SFDEPART
boarding_pass-9.png	Date	O
boarding_pass-9.png	awe	O
boarding_pass-9.png	Seat	O
boarding_pass-9.png	Seat	O
boarding_pass-9.png	Date	O
boarding_pass-9.png	To:	O
boarding_pass-9.png	Chicago	B-SFARRIVAL
boarding_pass-9.png	April	B-DATE
boarding_pass-9.png	20,	I-DATE
boarding_pass-9.png	2022	I-DATE
boarding_pass-9.png	90F	B-NOSEAT
boarding_pass-9.png	April	B-SDATE
boarding_pass-9.png	20,	I-SDATE
boarding_pass-9.png	2022	I-SDATE
boarding_pass-9.png	Q	O
boarding_pass-9.png	GATE	O
boarding_pass-9.png	Boarding	O
boarding_pass-9.png	Time	O
boarding_pass-9.png	GATE	O
boarding_pass-9.png	Boarding	O
boarding_pass-9.png	Time	O
boarding_pass-9.png	Gl	B-GATE
boarding_pass-9.png	10:00	B-BOARDINGTIME
boarding_pass-9.png	AM	I-BOARDINGTIME
boarding_pass-9.png	PST	I-BOARDINGTIME
boarding_pass-9.png	1	O
boarding_pass-9.png	10:00	B-SBOARDINGTIME
boarding_pass-9.png	AM	I-SBOARDINGTIME
boarding_pass-9.png	PST	I-SBOARDINGTIME
boarding_pass-9.png	Yeshua	O
boarding_pass-9.png	the	O
boarding_pass-9.png	savior	O