id,text
boarding_pass-1.png,ETK-305A6746F
boarding_pass-1.png,Passenger
boarding_pass-1.png,Name
boarding_pass-1.png,Carrier
boarding_pass-1.png,Flight
boarding_pass-1.png,No.
boarding_pass-1.png,Class
boarding_pass-1.png,Passenger
boarding_pass-1.png,Name
boarding_pass-1.png,_
boarding_pass-1.png,Alexandre
boarding_pass-1.png,Joseph
boarding_pass-1.png,UA
boarding_pass-1.png,234
boarding_pass-1.png,B
boarding_pass-1.png,Alexandre
boarding_pass-1.png,Joseph
boarding_pass-1.png,O
boarding_pass-1.png,From
boarding_pass-1.png,San
boarding_pass-1.png,Francisco
boarding_pass-1.png,5
boarding_pass-1.png,To
boarding_pass-1.png,Chicago
boarding_pass-1.png,w
boarding_pass-1.png,From:
boarding_pass-1.png,San
boarding_pass-1.png,Francisco
boarding_pass-1.png,Date
boarding_pass-1.png,we
boarding_pass-1.png,Seat
boarding_pass-1.png,Seat
boarding_pass-1.png,Date
boarding_pass-1.png,To:
boarding_pass-1.png,Chicago
boarding_pass-1.png,April
boarding_pass-1.png,"20,"
boarding_pass-1.png,2022
boarding_pass-1.png,96G
boarding_pass-1.png,April
boarding_pass-1.png,"20,"
boarding_pass-1.png,2022
boarding_pass-1.png,+—
boarding_pass-1.png,GATE
boarding_pass-1.png,Boarding
boarding_pass-1.png,Time
boarding_pass-1.png,GATE
boarding_pass-1.png,Boarding
boarding_pass-1.png,Time
boarding_pass-1.png,O
boarding_pass-1.png,Gi
boarding_pass-1.png,.
boarding_pass-1.png,10:00
boarding_pass-1.png,AM
boarding_pass-1.png,PST
boarding_pass-1.png,Gl
boarding_pass-1.png,10:00
boarding_pass-1.png,AM
boarding_pass-1.png,PST
boarding_pass-1.png,=
boarding_pass-1.png,O
boarding_pass-1.png,>
boarding_pass-10.png,ETK-331A6748F
boarding_pass-10.png, 
boarding_pass-10.png, 
boarding_pass-10.png, 
boarding_pass-10.png, 
boarding_pass-10.png, 
boarding_pass-10.png, 
boarding_pass-10.png, 
boarding_pass-10.png, 
boarding_pass-10.png, 
boarding_pass-10.png, 
boarding_pass-10.png, 
boarding_pass-10.png, 
boarding_pass-10.png, 
boarding_pass-10.png, 
boarding_pass-10.png, 
boarding_pass-10.png, 
boarding_pass-10.png, 
boarding_pass-10.png, 
boarding_pass-10.png, 
boarding_pass-10.png, 
boarding_pass-10.png,Passenger
boarding_pass-10.png,Name
boarding_pass-10.png,Carrier
boarding_pass-10.png,Flight
boarding_pass-10.png,No.
boarding_pass-10.png,Class
boarding_pass-10.png,Passenger
boarding_pass-10.png,Name
boarding_pass-10.png,Will
boarding_pass-10.png,Wahshington
boarding_pass-10.png,UA
boarding_pass-10.png,234
boarding_pass-10.png,B
boarding_pass-10.png,Will
boarding_pass-10.png,Wahshington
boarding_pass-10.png,.
boarding_pass-10.png,>
boarding_pass-10.png,From
boarding_pass-10.png,San
boarding_pass-10.png,Francisco
boarding_pass-10.png,oO
boarding_pass-10.png,To
boarding_pass-10.png,Chicago
boarding_pass-10.png,From:
boarding_pass-10.png,San
boarding_pass-10.png,Francisco
boarding_pass-10.png,Date
boarding_pass-10.png,Baggage
boarding_pass-10.png,Seat
boarding_pass-10.png,Seat
boarding_pass-10.png,Date
boarding_pass-10.png, _
boarding_pass-10.png,To:
boarding_pass-10.png,Chicago
boarding_pass-10.png,April
boarding_pass-10.png,"20,"
boarding_pass-10.png,2022
boarding_pass-10.png,YES
boarding_pass-10.png,70F
boarding_pass-10.png,April
boarding_pass-10.png,"20,"
boarding_pass-10.png,2022
boarding_pass-10.png,O
boarding_pass-10.png,GATE
boarding_pass-10.png,Boarding
boarding_pass-10.png,Time
boarding_pass-10.png,|
boarding_pass-10.png,|
boarding_pass-10.png,|
boarding_pass-10.png,|
boarding_pass-10.png,|
boarding_pass-10.png,GATE
boarding_pass-10.png,_
boarding_pass-10.png,Boarding
boarding_pass-10.png,Time
boarding_pass-10.png,Gl
boarding_pass-10.png,:
boarding_pass-10.png,2
boarding_pass-10.png,10:00
boarding_pass-10.png,AM
boarding_pass-10.png,PST
boarding_pass-10.png,Gl
boarding_pass-10.png,10:00
boarding_pass-10.png,AM
boarding_pass-10.png,PST
boarding_pass-10.png,Ww
boarding_pass-10.png,oO
boarding_pass-10.png,>
boarding_pass-11.png,Passenger
boarding_pass-11.png,Name
boarding_pass-11.png,Carrier
boarding_pass-11.png,Flight
boarding_pass-11.png,No.
boarding_pass-11.png,—
boarding_pass-11.png,Class
boarding_pass-11.png,Passenger
boarding_pass-11.png,Name
boarding_pass-11.png,Avkash
boarding_pass-11.png,Chauhan
boarding_pass-11.png,UA
boarding_pass-11.png,234
boarding_pass-11.png,E
boarding_pass-11.png,Avkash
boarding_pass-11.png,Chauhan
boarding_pass-11.png,From
boarding_pass-11.png,|
boarding_pass-11.png,San
boarding_pass-11.png,Francisco
boarding_pass-11.png,To
boarding_pass-11.png,Chicago
boarding_pass-11.png,From:
boarding_pass-11.png,San
boarding_pass-11.png,Francisco
boarding_pass-11.png,Date
boarding_pass-11.png,we
boarding_pass-11.png,Seat
boarding_pass-11.png,Seat
boarding_pass-11.png,Date
boarding_pass-11.png,To:
boarding_pass-11.png,Chicago
boarding_pass-11.png,April
boarding_pass-11.png,"20,2022."
boarding_pass-11.png,YE
boarding_pass-11.png,20A
boarding_pass-11.png,—
boarding_pass-11.png,April
boarding_pass-11.png,"20,"
boarding_pass-11.png,2022
boarding_pass-11.png,GATE
boarding_pass-11.png,Boarding
boarding_pass-11.png,Time
boarding_pass-11.png,GATE
boarding_pass-11.png,Boarding
boarding_pass-11.png,Time
boarding_pass-11.png,Gl
boarding_pass-11.png,10:00
boarding_pass-11.png,AM
boarding_pass-11.png,PST
boarding_pass-11.png,1
boarding_pass-11.png,10:00
boarding_pass-11.png,AM
boarding_pass-11.png,PST
boarding_pass-11.png,Yeshua
boarding_pass-11.png,the
boarding_pass-11.png,savior
boarding_pass-11.png,Q
boarding_pass-12.png,ETK-34236751E
boarding_pass-12.png,Passenger
boarding_pass-12.png,Name
boarding_pass-12.png,Carrier
boarding_pass-12.png,Flight
boarding_pass-12.png,No.
boarding_pass-12.png,—
boarding_pass-12.png,Class
boarding_pass-12.png,Passenger
boarding_pass-12.png,Name
boarding_pass-12.png,Avkash
boarding_pass-12.png,Chauhan
boarding_pass-12.png,UA
boarding_pass-12.png,234
boarding_pass-12.png,E
boarding_pass-12.png,Avkash
boarding_pass-12.png,Chauhan
boarding_pass-12.png,From
boarding_pass-12.png,|
boarding_pass-12.png,San
boarding_pass-12.png,Francisco
boarding_pass-12.png,To
boarding_pass-12.png,Chicago
boarding_pass-12.png,From:
boarding_pass-12.png,San
boarding_pass-12.png,Francisco
boarding_pass-12.png,Date
boarding_pass-12.png,Seat
boarding_pass-12.png,Seat
boarding_pass-12.png,Date
boarding_pass-12.png,To:
boarding_pass-12.png,Chicago
boarding_pass-12.png,April
boarding_pass-12.png,"20,"
boarding_pass-12.png,2022
boarding_pass-12.png,21A
boarding_pass-12.png,April
boarding_pass-12.png,"20,"
boarding_pass-12.png,2022
boarding_pass-12.png,GATE
boarding_pass-12.png,_
boarding_pass-12.png,Boarding
boarding_pass-12.png,Time
boarding_pass-12.png,GATE
boarding_pass-12.png,Boarding
boarding_pass-12.png,Time
boarding_pass-12.png,Gl
boarding_pass-12.png,:
boarding_pass-12.png,10:00
boarding_pass-12.png,AM
boarding_pass-12.png,PST
boarding_pass-12.png,Gl
boarding_pass-12.png,10:00
boarding_pass-12.png,AM
boarding_pass-12.png,PST
boarding_pass-12.png,Yeshua
boarding_pass-12.png,the
boarding_pass-12.png,savior
boarding_pass-13.png,ETK-34216751E
boarding_pass-13.png,Passenger
boarding_pass-13.png,Name
boarding_pass-13.png,Carrier
boarding_pass-13.png,Flight
boarding_pass-13.png,No.
boarding_pass-13.png,Class
boarding_pass-13.png,Passenger
boarding_pass-13.png,Name
boarding_pass-13.png,©
boarding_pass-13.png,Austin
boarding_pass-13.png,Glob
boarding_pass-13.png,UA
boarding_pass-13.png,234
boarding_pass-13.png,E
boarding_pass-13.png,Austin
boarding_pass-13.png,Glob
boarding_pass-13.png,.
boarding_pass-13.png,>
boarding_pass-13.png,From
boarding_pass-13.png,—
boarding_pass-13.png,San
boarding_pass-13.png,Francisco
boarding_pass-13.png,oO
boarding_pass-13.png,To
boarding_pass-13.png,Chicago
boarding_pass-13.png,From:
boarding_pass-13.png,San
boarding_pass-13.png,Francisco
boarding_pass-13.png,Date
boarding_pass-13.png,Seat
boarding_pass-13.png,Seat
boarding_pass-13.png,Date
boarding_pass-13.png,_
boarding_pass-13.png,To:
boarding_pass-13.png,Chicago
boarding_pass-13.png,April
boarding_pass-13.png,"20,"
boarding_pass-13.png,2022
boarding_pass-13.png,22A
boarding_pass-13.png,April
boarding_pass-13.png,"20,"
boarding_pass-13.png,2022
boarding_pass-13.png,O
boarding_pass-13.png,GATE
boarding_pass-13.png,Boarding
boarding_pass-13.png,Time
boarding_pass-13.png,GATE
boarding_pass-13.png,Boarding
boarding_pass-13.png,Time
boarding_pass-13.png,Gl
boarding_pass-13.png,:
boarding_pass-13.png,2
boarding_pass-13.png,10:00
boarding_pass-13.png,AM
boarding_pass-13.png,PST
boarding_pass-13.png,Gl
boarding_pass-13.png,10:00
boarding_pass-13.png,AM
boarding_pass-13.png,PST
boarding_pass-13.png,Ww
boarding_pass-13.png,oO
boarding_pass-13.png,>
boarding_pass-14.png,ETK-33216751E
boarding_pass-14.png,Passenger
boarding_pass-14.png,Name
boarding_pass-14.png,Carrier
boarding_pass-14.png,Flight
boarding_pass-14.png,No.
boarding_pass-14.png,|
boarding_pass-14.png,Passenger
boarding_pass-14.png,Name
boarding_pass-14.png,Alvana
boarding_pass-14.png,Christ
boarding_pass-14.png,UA
boarding_pass-14.png,234
boarding_pass-14.png,E
boarding_pass-14.png,Alvana
boarding_pass-14.png,Christ
boarding_pass-14.png,.
boarding_pass-14.png,>
boarding_pass-14.png,From
boarding_pass-14.png,San
boarding_pass-14.png,Francisco
boarding_pass-14.png,oO
boarding_pass-14.png,To
boarding_pass-14.png,Chicago
boarding_pass-14.png,From:
boarding_pass-14.png,San
boarding_pass-14.png,Francisco
boarding_pass-14.png,Date
boarding_pass-14.png,Seat
boarding_pass-14.png,Seat
boarding_pass-14.png,Date
boarding_pass-14.png,_
boarding_pass-14.png,To:
boarding_pass-14.png,Chicago
boarding_pass-14.png,April
boarding_pass-14.png,"20,"
boarding_pass-14.png,2022
boarding_pass-14.png,24B
boarding_pass-14.png,April
boarding_pass-14.png,"20,"
boarding_pass-14.png,2022
boarding_pass-14.png,O
boarding_pass-14.png,GATE
boarding_pass-14.png,_
boarding_pass-14.png,Boarding
boarding_pass-14.png,Time
boarding_pass-14.png,GATE
boarding_pass-14.png,|
boarding_pass-14.png,Boarding
boarding_pass-14.png,Time
boarding_pass-14.png,Gl
boarding_pass-14.png,:
boarding_pass-14.png,2
boarding_pass-14.png,10:00
boarding_pass-14.png,AM
boarding_pass-14.png,PST
boarding_pass-14.png,Gl
boarding_pass-14.png,10:00
boarding_pass-14.png,AM
boarding_pass-14.png,PST
boarding_pass-14.png,Ww
boarding_pass-14.png,oO
boarding_pass-14.png,>
boarding_pass-15.png,ETK-30217751E
boarding_pass-15.png,Passenger
boarding_pass-15.png,Name
boarding_pass-15.png,Carrier
boarding_pass-15.png,Flight
boarding_pass-15.png,No.
boarding_pass-15.png,Class
boarding_pass-15.png,=
boarding_pass-15.png,Passenger
boarding_pass-15.png,Name
boarding_pass-15.png,Stella
boarding_pass-15.png,Shin
boarding_pass-15.png,UA
boarding_pass-15.png,234
boarding_pass-15.png,E
boarding_pass-15.png,Stella
boarding_pass-15.png,Shin
boarding_pass-15.png,From
boarding_pass-15.png,San
boarding_pass-15.png,Francisco
boarding_pass-15.png,To
boarding_pass-15.png,Chicago
boarding_pass-15.png,From:
boarding_pass-15.png,San
boarding_pass-15.png,Francisco
boarding_pass-15.png,Date
boarding_pass-15.png,Seat
boarding_pass-15.png,Seat
boarding_pass-15.png,Date
boarding_pass-15.png,To:
boarding_pass-15.png,Chicago
boarding_pass-15.png,April
boarding_pass-15.png,"20,"
boarding_pass-15.png,2022
boarding_pass-15.png,19A
boarding_pass-15.png,April
boarding_pass-15.png,"20,"
boarding_pass-15.png,2022
boarding_pass-15.png,Q
boarding_pass-15.png,GATE
boarding_pass-15.png,Boarding
boarding_pass-15.png,Time
boarding_pass-15.png,GATE
boarding_pass-15.png,Boarding
boarding_pass-15.png,Time
boarding_pass-15.png,Gl
boarding_pass-15.png,10:00
boarding_pass-15.png,AM
boarding_pass-15.png,PST
boarding_pass-15.png,1
boarding_pass-15.png,10:00
boarding_pass-15.png,AM
boarding_pass-15.png,PST
boarding_pass-15.png,Yeshua
boarding_pass-15.png,the
boarding_pass-15.png,savior
boarding_pass-16.png,ETK-30208751E
boarding_pass-16.png,Passenger
boarding_pass-16.png,Name
boarding_pass-16.png,Carrier
boarding_pass-16.png,Flight
boarding_pass-16.png,No.
boarding_pass-16.png,Class
boarding_pass-16.png,Passenger
boarding_pass-16.png,Name
boarding_pass-16.png,Kitashi
boarding_pass-16.png,Sakamoto
boarding_pass-16.png,UA
boarding_pass-16.png,234
boarding_pass-16.png,E
boarding_pass-16.png,Kitashi
boarding_pass-16.png,Sakamoto
boarding_pass-16.png,From
boarding_pass-16.png,San
boarding_pass-16.png,Francisco
boarding_pass-16.png,To
boarding_pass-16.png,Chicago
boarding_pass-16.png,From:
boarding_pass-16.png,San
boarding_pass-16.png,Francisco
boarding_pass-16.png,Date
boarding_pass-16.png,ee
boarding_pass-16.png,Seat
boarding_pass-16.png,Seat
boarding_pass-16.png,Date
boarding_pass-16.png,To:
boarding_pass-16.png,Chicago
boarding_pass-16.png,April
boarding_pass-16.png,"20,"
boarding_pass-16.png,2022
boarding_pass-16.png,19F
boarding_pass-16.png,April
boarding_pass-16.png,"20,"
boarding_pass-16.png,2022
boarding_pass-16.png,Q
boarding_pass-16.png,GATE
boarding_pass-16.png,Boarding
boarding_pass-16.png,Time
boarding_pass-16.png,GATE
boarding_pass-16.png,_
boarding_pass-16.png,Boarding
boarding_pass-16.png,Time
boarding_pass-16.png,Gl
boarding_pass-16.png,10:00
boarding_pass-16.png,AM
boarding_pass-16.png,PST
boarding_pass-16.png,1
boarding_pass-16.png,10:00
boarding_pass-16.png,AM
boarding_pass-16.png,PST
boarding_pass-16.png,Yeshua
boarding_pass-16.png,the
boarding_pass-16.png,savior
boarding_pass-17.png,ETK-30207752E
boarding_pass-17.png,Passenger
boarding_pass-17.png,Name
boarding_pass-17.png,Carrier
boarding_pass-17.png,Flight
boarding_pass-17.png,No.
boarding_pass-17.png,Class
boarding_pass-17.png,Passenger
boarding_pass-17.png,Name
boarding_pass-17.png,Yen
boarding_pass-17.png,Dolph
boarding_pass-17.png,UA
boarding_pass-17.png,234
boarding_pass-17.png,E
boarding_pass-17.png,Yen
boarding_pass-17.png,Dolph
boarding_pass-17.png,From
boarding_pass-17.png,San
boarding_pass-17.png,Francisco
boarding_pass-17.png,To
boarding_pass-17.png,Chicago
boarding_pass-17.png,From:
boarding_pass-17.png,San
boarding_pass-17.png,Francisco
boarding_pass-17.png,Date
boarding_pass-17.png,Seat
boarding_pass-17.png,Seat
boarding_pass-17.png,Date
boarding_pass-17.png,To:
boarding_pass-17.png,Chicago
boarding_pass-17.png,April
boarding_pass-17.png,"20,"
boarding_pass-17.png,2022
boarding_pass-17.png,19B
boarding_pass-17.png,April
boarding_pass-17.png,"20,"
boarding_pass-17.png,2022
boarding_pass-17.png,Q
boarding_pass-17.png,GATE
boarding_pass-17.png,Boarding
boarding_pass-17.png,Time
boarding_pass-17.png,GATE
boarding_pass-17.png,_
boarding_pass-17.png,Boarding
boarding_pass-17.png,Time
boarding_pass-17.png,Gl
boarding_pass-17.png,10:00
boarding_pass-17.png,AM
boarding_pass-17.png,PST
boarding_pass-17.png,1
boarding_pass-17.png,10:00
boarding_pass-17.png,AM
boarding_pass-17.png,PST
boarding_pass-17.png,Yeshua
boarding_pass-17.png,the
boarding_pass-17.png,savior
boarding_pass-18.png,ETK-34205752E
boarding_pass-18.png,Passenger
boarding_pass-18.png,Name
boarding_pass-18.png,Carrier
boarding_pass-18.png,Flight
boarding_pass-18.png,No.
boarding_pass-18.png,Class
boarding_pass-18.png,Passenger
boarding_pass-18.png,Name
boarding_pass-18.png,James
boarding_pass-18.png,Jackson
boarding_pass-18.png,UA
boarding_pass-18.png,234
boarding_pass-18.png,E
boarding_pass-18.png,James
boarding_pass-18.png,Jackson
boarding_pass-18.png,From
boarding_pass-18.png,San
boarding_pass-18.png,Francisco
boarding_pass-18.png,To
boarding_pass-18.png,Chicago
boarding_pass-18.png,From:
boarding_pass-18.png,San
boarding_pass-18.png,Francisco
boarding_pass-18.png,Date
boarding_pass-18.png,Seat
boarding_pass-18.png,Seat
boarding_pass-18.png,Date
boarding_pass-18.png,To:
boarding_pass-18.png,Chicago
boarding_pass-18.png,April
boarding_pass-18.png,"20,"
boarding_pass-18.png,2022
boarding_pass-18.png,25B
boarding_pass-18.png,April
boarding_pass-18.png,"20,"
boarding_pass-18.png,2022
boarding_pass-18.png,Q
boarding_pass-18.png,GATE
boarding_pass-18.png,Boarding
boarding_pass-18.png,Time
boarding_pass-18.png,GATE
boarding_pass-18.png,_
boarding_pass-18.png,Boarding
boarding_pass-18.png,Time
boarding_pass-18.png,Gl
boarding_pass-18.png,10:00
boarding_pass-18.png,AM
boarding_pass-18.png,PST
boarding_pass-18.png,1
boarding_pass-18.png,10:00
boarding_pass-18.png,AM
boarding_pass-18.png,PST
boarding_pass-18.png,Yeshua
boarding_pass-18.png,the
boarding_pass-18.png,savior
boarding_pass-19.png,ETK-34207752E
boarding_pass-19.png,Passenger
boarding_pass-19.png,Name
boarding_pass-19.png,Carrier
boarding_pass-19.png,Flight
boarding_pass-19.png,No.
boarding_pass-19.png,Class
boarding_pass-19.png,Passenger
boarding_pass-19.png,Name
boarding_pass-19.png,Jackson
boarding_pass-19.png,Carlos
boarding_pass-19.png,UA
boarding_pass-19.png,234
boarding_pass-19.png,E
boarding_pass-19.png,Jackson
boarding_pass-19.png,Carlos
boarding_pass-19.png,From
boarding_pass-19.png,San
boarding_pass-19.png,Francisco
boarding_pass-19.png,To
boarding_pass-19.png,Chicago
boarding_pass-19.png,From:
boarding_pass-19.png,San
boarding_pass-19.png,Francisco
boarding_pass-19.png,Date
boarding_pass-19.png,Seat
boarding_pass-19.png,Seat
boarding_pass-19.png,Date
boarding_pass-19.png,To:
boarding_pass-19.png,Chicago
boarding_pass-19.png,April
boarding_pass-19.png,"20,"
boarding_pass-19.png,2022
boarding_pass-19.png,25C
boarding_pass-19.png,April
boarding_pass-19.png,"20,"
boarding_pass-19.png,2022
boarding_pass-19.png,Q
boarding_pass-19.png,GATE
boarding_pass-19.png,_
boarding_pass-19.png,Boarding
boarding_pass-19.png,Time
boarding_pass-19.png,GATE
boarding_pass-19.png,_
boarding_pass-19.png,Boarding
boarding_pass-19.png,Time
boarding_pass-19.png,Gl
boarding_pass-19.png,10:00
boarding_pass-19.png,AM
boarding_pass-19.png,PST
boarding_pass-19.png,1
boarding_pass-19.png,10:00
boarding_pass-19.png,AM
boarding_pass-19.png,PST
boarding_pass-19.png,Yeshua
boarding_pass-19.png,the
boarding_pass-19.png,savior
boarding_pass-2.png,ETK-301A6746F
boarding_pass-2.png, 
boarding_pass-2.png, 
boarding_pass-2.png, 
boarding_pass-2.png, 
boarding_pass-2.png, 
boarding_pass-2.png, 
boarding_pass-2.png, 
boarding_pass-2.png, 
boarding_pass-2.png, 
boarding_pass-2.png, 
boarding_pass-2.png, 
boarding_pass-2.png, 
boarding_pass-2.png, 
boarding_pass-2.png,Passenger
boarding_pass-2.png,Name
boarding_pass-2.png,Carrier
boarding_pass-2.png,Flight
boarding_pass-2.png,No.
boarding_pass-2.png,Class
boarding_pass-2.png,Passenger
boarding_pass-2.png,Name
boarding_pass-2.png,—
boarding_pass-2.png,OQ
boarding_pass-2.png,Alfred
boarding_pass-2.png,Junior
boarding_pass-2.png,UA
boarding_pass-2.png,234
boarding_pass-2.png,B
boarding_pass-2.png,Alfred
boarding_pass-2.png,Junior
boarding_pass-2.png,>
boarding_pass-2.png,From
boarding_pass-2.png,San
boarding_pass-2.png,Francisco
boarding_pass-2.png,To
boarding_pass-2.png,Chicago
boarding_pass-2.png,@
boarding_pass-2.png,From:
boarding_pass-2.png,San
boarding_pass-2.png,Francisco
boarding_pass-2.png,Date
boarding_pass-2.png,awe
boarding_pass-2.png,Seat
boarding_pass-2.png,Seat
boarding_pass-2.png,Date
boarding_pass-2.png,£
boarding_pass-2.png,To:
boarding_pass-2.png,Chicago
boarding_pass-2.png,April
boarding_pass-2.png,"20,"
boarding_pass-2.png,2022
boarding_pass-2.png,95G
boarding_pass-2.png,April
boarding_pass-2.png,"20,"
boarding_pass-2.png,2022
boarding_pass-2.png,GATE
boarding_pass-2.png,Boarding
boarding_pass-2.png,Time
boarding_pass-2.png,GATE
boarding_pass-2.png,_
boarding_pass-2.png,Boarding
boarding_pass-2.png,Time
boarding_pass-2.png,Gl
boarding_pass-2.png,10:00
boarding_pass-2.png,AM
boarding_pass-2.png,PST
boarding_pass-2.png,Gl
boarding_pass-2.png,10:00
boarding_pass-2.png,AM
boarding_pass-2.png,PST
boarding_pass-2.png,uw
boarding_pass-2.png,©
boarding_pass-2.png,>
boarding_pass-20.png,ETK-34207352E
boarding_pass-20.png,Passenger
boarding_pass-20.png,Name
boarding_pass-20.png,Carrier
boarding_pass-20.png,Flight
boarding_pass-20.png,No.
boarding_pass-20.png,Class
boarding_pass-20.png,Passenger
boarding_pass-20.png,Name
boarding_pass-20.png,Alexander
boarding_pass-20.png,Tinubu
boarding_pass-20.png,UA
boarding_pass-20.png,234
boarding_pass-20.png,E
boarding_pass-20.png,Alexander
boarding_pass-20.png,Tinubu
boarding_pass-20.png,.
boarding_pass-20.png,>
boarding_pass-20.png,From
boarding_pass-20.png,San
boarding_pass-20.png,Francisco
boarding_pass-20.png,oO
boarding_pass-20.png,To
boarding_pass-20.png,Chicago
boarding_pass-20.png,From:
boarding_pass-20.png,San
boarding_pass-20.png,Francisco
boarding_pass-20.png,Date
boarding_pass-20.png,Baggage
boarding_pass-20.png,Seat
boarding_pass-20.png,Seat
boarding_pass-20.png,Date
boarding_pass-20.png,_
boarding_pass-20.png,To:
boarding_pass-20.png,Chicago
boarding_pass-20.png,April
boarding_pass-20.png,"20,"
boarding_pass-20.png,2022
boarding_pass-20.png,NO
boarding_pass-20.png,22C
boarding_pass-20.png,22C
boarding_pass-20.png,April
boarding_pass-20.png,"20,"
boarding_pass-20.png,2022
boarding_pass-20.png,+—
boarding_pass-20.png,O
boarding_pass-20.png,GATE
boarding_pass-20.png,_
boarding_pass-20.png,Boarding
boarding_pass-20.png,Time
boarding_pass-20.png,GATE
boarding_pass-20.png,_
boarding_pass-20.png,Boarding
boarding_pass-20.png,Time
boarding_pass-20.png,Gl
boarding_pass-20.png,:
boarding_pass-20.png,2
boarding_pass-20.png,10:00
boarding_pass-20.png,AM
boarding_pass-20.png,PST
boarding_pass-20.png,Gl
boarding_pass-20.png,10:00
boarding_pass-20.png,AM
boarding_pass-20.png,PST
boarding_pass-20.png,O
boarding_pass-21.png,ETK-24207352E
boarding_pass-21.png,Passenger
boarding_pass-21.png,Name
boarding_pass-21.png,Carrier
boarding_pass-21.png,Flight
boarding_pass-21.png,No.
boarding_pass-21.png,Class
boarding_pass-21.png,Passenger
boarding_pass-21.png,Name
boarding_pass-21.png,OLugfumi
boarding_pass-21.png,Gbogba
boarding_pass-21.png,Tinubu
boarding_pass-21.png,UA
boarding_pass-21.png,234
boarding_pass-21.png,E
boarding_pass-21.png,OLugfumi
boarding_pass-21.png,Gbogba
boarding_pass-21.png,Tinubu
boarding_pass-21.png,.
boarding_pass-21.png,>
boarding_pass-21.png,From
boarding_pass-21.png,San
boarding_pass-21.png,Francisco
boarding_pass-21.png,oO
boarding_pass-21.png,To
boarding_pass-21.png,Chicago
boarding_pass-21.png,From:
boarding_pass-21.png,San
boarding_pass-21.png,Francisco
boarding_pass-21.png,Date
boarding_pass-21.png,Baggage
boarding_pass-21.png,Seat
boarding_pass-21.png,Seat
boarding_pass-21.png,Date
boarding_pass-21.png,_
boarding_pass-21.png,To:
boarding_pass-21.png,Chicago
boarding_pass-21.png,April
boarding_pass-21.png,"20,"
boarding_pass-21.png,2022
boarding_pass-21.png,YES
boarding_pass-21.png,April
boarding_pass-21.png,"20,"
boarding_pass-21.png,2022
boarding_pass-21.png,+—
boarding_pass-21.png,O
boarding_pass-21.png,GATE
boarding_pass-21.png,Boarding
boarding_pass-21.png,Time
boarding_pass-21.png,GATE
boarding_pass-21.png,_
boarding_pass-21.png,Boarding
boarding_pass-21.png,Time
boarding_pass-21.png,Gl
boarding_pass-21.png,:
boarding_pass-21.png,2
boarding_pass-21.png,10:00
boarding_pass-21.png,AM
boarding_pass-21.png,PST
boarding_pass-21.png,Gl
boarding_pass-21.png,10:00
boarding_pass-21.png,AM
boarding_pass-21.png,PST
boarding_pass-21.png,O
boarding_pass-21.png,>
boarding_pass-22.png,ETK-31007352E
boarding_pass-22.png,Passenger
boarding_pass-22.png,Name
boarding_pass-22.png,Carrier
boarding_pass-22.png,Flight
boarding_pass-22.png,No.
boarding_pass-22.png,Class
boarding_pass-22.png,|
boarding_pass-22.png,Passenger
boarding_pass-22.png,Name
boarding_pass-22.png,Ronaldo
boarding_pass-22.png,Azameria
boarding_pass-22.png,UA
boarding_pass-22.png,234
boarding_pass-22.png,E
boarding_pass-22.png,Ronaldo
boarding_pass-22.png,Azameria
boarding_pass-22.png,From
boarding_pass-22.png,—
boarding_pass-22.png,San
boarding_pass-22.png,Francisco
boarding_pass-22.png,To
boarding_pass-22.png,Chicago
boarding_pass-22.png,From:
boarding_pass-22.png,San
boarding_pass-22.png,Francisco
boarding_pass-22.png,Date
boarding_pass-22.png,_
boarding_pass-22.png,Seat
boarding_pass-22.png,Seat
boarding_pass-22.png,Date
boarding_pass-22.png,To:
boarding_pass-22.png,Chicago
boarding_pass-22.png,April
boarding_pass-22.png,"20,"
boarding_pass-22.png,2022
boarding_pass-22.png,38D
boarding_pass-22.png,April
boarding_pass-22.png,"20,"
boarding_pass-22.png,2022
boarding_pass-22.png,GATE
boarding_pass-22.png,Boarding
boarding_pass-22.png,Time
boarding_pass-22.png,GATE
boarding_pass-22.png,Time
boarding_pass-22.png,Gl
boarding_pass-22.png,10:00
boarding_pass-22.png,AM
boarding_pass-22.png,PST
boarding_pass-22.png,1
boarding_pass-22.png,10:00
boarding_pass-22.png,AM
boarding_pass-22.png,PST
boarding_pass-22.png,Yeshua
boarding_pass-22.png,the
boarding_pass-22.png,savior
boarding_pass-22.png,Q
boarding_pass-23.png,ETK-21007352E
boarding_pass-23.png,Passenger
boarding_pass-23.png,Name
boarding_pass-23.png,Carrier
boarding_pass-23.png,Flight
boarding_pass-23.png,No.
boarding_pass-23.png,Class
boarding_pass-23.png,Passenger
boarding_pass-23.png,Name
boarding_pass-23.png,6
boarding_pass-23.png,_
boarding_pass-23.png,Joel
boarding_pass-23.png,John
boarding_pass-23.png,UA
boarding_pass-23.png,234
boarding_pass-23.png,E
boarding_pass-23.png,Joel
boarding_pass-23.png,John
boarding_pass-23.png,.
boarding_pass-23.png,>
boarding_pass-23.png,From
boarding_pass-23.png,San
boarding_pass-23.png,Francisco
boarding_pass-23.png,oO
boarding_pass-23.png,To
boarding_pass-23.png,Chicago
boarding_pass-23.png,From:
boarding_pass-23.png,San
boarding_pass-23.png,Francisco
boarding_pass-23.png,Date
boarding_pass-23.png,Baggage
boarding_pass-23.png,Seat
boarding_pass-23.png,Seat
boarding_pass-23.png,Date
boarding_pass-23.png,_
boarding_pass-23.png,To:
boarding_pass-23.png,Chicago
boarding_pass-23.png,April
boarding_pass-23.png,"20,"
boarding_pass-23.png,2022
boarding_pass-23.png,NO
boarding_pass-23.png,35D
boarding_pass-23.png,April
boarding_pass-23.png,"20,"
boarding_pass-23.png,2022
boarding_pass-23.png,O
boarding_pass-23.png,GATE
boarding_pass-23.png,Boarding
boarding_pass-23.png,Time
boarding_pass-23.png,GATE
boarding_pass-23.png,Boarding
boarding_pass-23.png,Time
boarding_pass-23.png,Gl
boarding_pass-23.png,:
boarding_pass-23.png,2
boarding_pass-23.png,10:00
boarding_pass-23.png,AM
boarding_pass-23.png,PST
boarding_pass-23.png,Gl
boarding_pass-23.png,10:00
boarding_pass-23.png,AM
boarding_pass-23.png,PST
boarding_pass-23.png,Ww
boarding_pass-23.png,O
boarding_pass-24.png,ETK-31207302E
boarding_pass-24.png,Passenger
boarding_pass-24.png,Name
boarding_pass-24.png,Carrier
boarding_pass-24.png,Flight
boarding_pass-24.png,No.
boarding_pass-24.png,Class
boarding_pass-24.png,Passenger
boarding_pass-24.png,Name
boarding_pass-24.png,©
boarding_pass-24.png,Ofumi
boarding_pass-24.png,UA
boarding_pass-24.png,234
boarding_pass-24.png,E
boarding_pass-24.png,Tinubu
boarding_pass-24.png,Ofumi
boarding_pass-24.png,.
boarding_pass-24.png,>
boarding_pass-24.png,From
boarding_pass-24.png,San
boarding_pass-24.png,Francisco
boarding_pass-24.png,oO
boarding_pass-24.png,To
boarding_pass-24.png,Chicago
boarding_pass-24.png,From:
boarding_pass-24.png,San
boarding_pass-24.png,Francisco
boarding_pass-24.png,Date
boarding_pass-24.png,Baggage
boarding_pass-24.png,Seat
boarding_pass-24.png,Seat
boarding_pass-24.png,Date
boarding_pass-24.png,_
boarding_pass-24.png,To:
boarding_pass-24.png,Chicago
boarding_pass-24.png,April
boarding_pass-24.png,"20,"
boarding_pass-24.png,2022.
boarding_pass-24.png,NO
boarding_pass-24.png,28C
boarding_pass-24.png,28C
boarding_pass-24.png,April
boarding_pass-24.png,"20,"
boarding_pass-24.png,2022
boarding_pass-24.png,+—
boarding_pass-24.png,O
boarding_pass-24.png,GATE
boarding_pass-24.png,Boarding
boarding_pass-24.png,Time
boarding_pass-24.png,GATE
boarding_pass-24.png,Boarding
boarding_pass-24.png,Time
boarding_pass-24.png,Gl
boarding_pass-24.png,:
boarding_pass-24.png,2
boarding_pass-24.png,10:00
boarding_pass-24.png,AM
boarding_pass-24.png,PST
boarding_pass-24.png,Gl
boarding_pass-24.png,10:00
boarding_pass-24.png,AM
boarding_pass-24.png,PST
boarding_pass-24.png,O
boarding_pass-24.png,>
boarding_pass-25.png,ETK-31207002E
boarding_pass-25.png,Passenger
boarding_pass-25.png,Name
boarding_pass-25.png,Carrier
boarding_pass-25.png,Flight
boarding_pass-25.png,No.
boarding_pass-25.png,Class
boarding_pass-25.png,Passenger
boarding_pass-25.png,Name
boarding_pass-25.png,©
boarding_pass-25.png,Janah
boarding_pass-25.png,UA
boarding_pass-25.png,234
boarding_pass-25.png,E
boarding_pass-25.png,Cliff
boarding_pass-25.png,Janah
boarding_pass-25.png,.
boarding_pass-25.png,>
boarding_pass-25.png,From
boarding_pass-25.png,San
boarding_pass-25.png,Francisco
boarding_pass-25.png,oO
boarding_pass-25.png,To
boarding_pass-25.png,Chicago
boarding_pass-25.png,From:
boarding_pass-25.png,San
boarding_pass-25.png,Francisco
boarding_pass-25.png,Date
boarding_pass-25.png,Baggage
boarding_pass-25.png,Seat
boarding_pass-25.png,Seat
boarding_pass-25.png,Date
boarding_pass-25.png,_
boarding_pass-25.png,To:
boarding_pass-25.png,Chicago
boarding_pass-25.png,April
boarding_pass-25.png,"20,2022."
boarding_pass-25.png,YES
boarding_pass-25.png,18A
boarding_pass-25.png,18A
boarding_pass-25.png,April
boarding_pass-25.png,"20,"
boarding_pass-25.png,2022
boarding_pass-25.png,O
boarding_pass-25.png,GATE
boarding_pass-25.png,Boarding
boarding_pass-25.png,Time
boarding_pass-25.png,GATE
boarding_pass-25.png,Boarding
boarding_pass-25.png,Time
boarding_pass-25.png,Gl
boarding_pass-25.png,:
boarding_pass-25.png,2
boarding_pass-25.png,10:00
boarding_pass-25.png,AM
boarding_pass-25.png,PST
boarding_pass-25.png,Gl
boarding_pass-25.png,10:00
boarding_pass-25.png,AM
boarding_pass-25.png,PST
boarding_pass-25.png,O
boarding_pass-25.png,>
boarding_pass-26.png,ETK-31207062E
boarding_pass-26.png,Passenger
boarding_pass-26.png,Name
boarding_pass-26.png,Carrier
boarding_pass-26.png,Flight
boarding_pass-26.png,No.
boarding_pass-26.png,Class
boarding_pass-26.png,Passenger
boarding_pass-26.png,Name
boarding_pass-26.png,Clifford
boarding_pass-26.png,Janeth
boarding_pass-26.png,UA
boarding_pass-26.png,234
boarding_pass-26.png,E
boarding_pass-26.png,Clifford
boarding_pass-26.png,Janeth
boarding_pass-26.png,From
boarding_pass-26.png,San
boarding_pass-26.png,Francisco
boarding_pass-26.png,To
boarding_pass-26.png,Chicago
boarding_pass-26.png,From:
boarding_pass-26.png,San
boarding_pass-26.png,Francisco
boarding_pass-26.png,Date
boarding_pass-26.png,Seat
boarding_pass-26.png,Seat
boarding_pass-26.png,Date
boarding_pass-26.png,To:
boarding_pass-26.png,Chicago
boarding_pass-26.png,April
boarding_pass-26.png,"20,"
boarding_pass-26.png,2022
boarding_pass-26.png,15C
boarding_pass-26.png,April
boarding_pass-26.png,"20,"
boarding_pass-26.png,2022
boarding_pass-26.png,Q
boarding_pass-26.png,GATE
boarding_pass-26.png,_
boarding_pass-26.png,Boarding
boarding_pass-26.png,Time
boarding_pass-26.png,GATE
boarding_pass-26.png,_
boarding_pass-26.png,Boarding
boarding_pass-26.png,Time
boarding_pass-26.png,Gl
boarding_pass-26.png,10:00
boarding_pass-26.png,AM
boarding_pass-26.png,PST
boarding_pass-26.png,1
boarding_pass-26.png,10:00
boarding_pass-26.png,AM
boarding_pass-26.png,PST
boarding_pass-26.png,Yeshua
boarding_pass-26.png,the
boarding_pass-26.png,savior
boarding_pass-27.png,ETK-31007062E
boarding_pass-27.png,Passenger
boarding_pass-27.png,Name
boarding_pass-27.png,Carrier
boarding_pass-27.png,Flight
boarding_pass-27.png,No.
boarding_pass-27.png,Class
boarding_pass-27.png,Passenger
boarding_pass-27.png,Name
boarding_pass-27.png,Svankowski
boarding_pass-27.png,Jamal
boarding_pass-27.png,UA
boarding_pass-27.png,234
boarding_pass-27.png,E
boarding_pass-27.png,Svankowski
boarding_pass-27.png,Jamal
boarding_pass-27.png,.
boarding_pass-27.png,>
boarding_pass-27.png,From
boarding_pass-27.png,San
boarding_pass-27.png,Francisco
boarding_pass-27.png,Oo
boarding_pass-27.png,To
boarding_pass-27.png,Chicago
boarding_pass-27.png,From:
boarding_pass-27.png,San
boarding_pass-27.png,Francisco
boarding_pass-27.png,Date
boarding_pass-27.png,Baggage
boarding_pass-27.png,Seat
boarding_pass-27.png,Seat
boarding_pass-27.png,Date
boarding_pass-27.png,_
boarding_pass-27.png,To:
boarding_pass-27.png,Chicago
boarding_pass-27.png,April
boarding_pass-27.png,"20,"
boarding_pass-27.png,2022
boarding_pass-27.png,NO
boarding_pass-27.png,35C
boarding_pass-27.png,335C
boarding_pass-27.png,April
boarding_pass-27.png,"20,"
boarding_pass-27.png,2022
boarding_pass-27.png,O
boarding_pass-27.png,GATE
boarding_pass-27.png,_
boarding_pass-27.png,Boarding
boarding_pass-27.png,Time
boarding_pass-27.png,GATE
boarding_pass-27.png,Boarding
boarding_pass-27.png,Time
boarding_pass-27.png,Gl
boarding_pass-27.png,:
boarding_pass-27.png,2
boarding_pass-27.png,10:00
boarding_pass-27.png,AM
boarding_pass-27.png,PST
boarding_pass-27.png,Gl
boarding_pass-27.png,10:00
boarding_pass-27.png,AM
boarding_pass-27.png,PST
boarding_pass-27.png,O
boarding_pass-27.png,>
boarding_pass-28.png,Passenger
boarding_pass-28.png,Name
boarding_pass-28.png,Carrier
boarding_pass-28.png,Flight
boarding_pass-28.png,No.
boarding_pass-28.png,Class
boarding_pass-28.png,Passenger
boarding_pass-28.png,Name
boarding_pass-28.png,Dan
boarding_pass-28.png,James
boarding_pass-28.png,UA
boarding_pass-28.png,234
boarding_pass-28.png,E
boarding_pass-28.png,Dan
boarding_pass-28.png,James
boarding_pass-28.png,.
boarding_pass-28.png,>
boarding_pass-28.png,From
boarding_pass-28.png,San
boarding_pass-28.png,Francisco
boarding_pass-28.png,oO
boarding_pass-28.png,To
boarding_pass-28.png,Chicago
boarding_pass-28.png,From:
boarding_pass-28.png,San
boarding_pass-28.png,Francisco
boarding_pass-28.png,Date
boarding_pass-28.png,Baggage
boarding_pass-28.png,Seat
boarding_pass-28.png,—
boarding_pass-28.png,Seat
boarding_pass-28.png,Date
boarding_pass-28.png,|
boarding_pass-28.png,To:
boarding_pass-28.png,Chicago
boarding_pass-28.png,April
boarding_pass-28.png,"20,"
boarding_pass-28.png,2022
boarding_pass-28.png,YES
boarding_pass-28.png,33C
boarding_pass-28.png,33C
boarding_pass-28.png,April
boarding_pass-28.png,"20,"
boarding_pass-28.png,2022
boarding_pass-28.png,+—
boarding_pass-28.png,O
boarding_pass-28.png,GATE
boarding_pass-28.png,Boarding
boarding_pass-28.png,Time
boarding_pass-28.png,GATE
boarding_pass-28.png,Boarding
boarding_pass-28.png,Time
boarding_pass-28.png,Gl
boarding_pass-28.png,:
boarding_pass-28.png,2
boarding_pass-28.png,10:00
boarding_pass-28.png,AM
boarding_pass-28.png,PST
boarding_pass-28.png,Gl
boarding_pass-28.png,10:00
boarding_pass-28.png,AM
boarding_pass-28.png,PST
boarding_pass-28.png,O
boarding_pass-29.png,ETK-11007062E
boarding_pass-29.png,Passenger
boarding_pass-29.png,Name
boarding_pass-29.png,Carrier
boarding_pass-29.png,Flight
boarding_pass-29.png,No.
boarding_pass-29.png,Class
boarding_pass-29.png,Passenger
boarding_pass-29.png,Name
boarding_pass-29.png,Robert
boarding_pass-29.png,Patricia
boarding_pass-29.png,UA
boarding_pass-29.png,234
boarding_pass-29.png,E
boarding_pass-29.png,Robert
boarding_pass-29.png,Patricia
boarding_pass-29.png,.
boarding_pass-29.png,>
boarding_pass-29.png,From
boarding_pass-29.png,San
boarding_pass-29.png,Francisco
boarding_pass-29.png,oO
boarding_pass-29.png,To
boarding_pass-29.png,Chicago
boarding_pass-29.png,From:
boarding_pass-29.png,San
boarding_pass-29.png,Francisco
boarding_pass-29.png,Date
boarding_pass-29.png,Baggage
boarding_pass-29.png,Seat
boarding_pass-29.png,—
boarding_pass-29.png,Seat
boarding_pass-29.png,Date
boarding_pass-29.png,|
boarding_pass-29.png,To:
boarding_pass-29.png,Chicago
boarding_pass-29.png,April
boarding_pass-29.png,"20,"
boarding_pass-29.png,2022
boarding_pass-29.png,NO
boarding_pass-29.png,April
boarding_pass-29.png,"20,"
boarding_pass-29.png,2022
boarding_pass-29.png,+—
boarding_pass-29.png,O
boarding_pass-29.png,GATE
boarding_pass-29.png,Boarding
boarding_pass-29.png,Time
boarding_pass-29.png,GATE
boarding_pass-29.png,Boarding
boarding_pass-29.png,Time
boarding_pass-29.png,Gl
boarding_pass-29.png,:
boarding_pass-29.png,2
boarding_pass-29.png,10:00
boarding_pass-29.png,AM
boarding_pass-29.png,PST
boarding_pass-29.png,Gl
boarding_pass-29.png,10:00
boarding_pass-29.png,AM
boarding_pass-29.png,PST
boarding_pass-29.png,O
boarding_pass-29.png,>
boarding_pass-3.png,ETK-303A6746F
boarding_pass-3.png,Passenger
boarding_pass-3.png,Name
boarding_pass-3.png,Carrier
boarding_pass-3.png,Flight
boarding_pass-3.png,No.
boarding_pass-3.png,Class
boarding_pass-3.png,Passenger
boarding_pass-3.png,Name
boarding_pass-3.png,Christ
boarding_pass-3.png,Daniel
boarding_pass-3.png,UA
boarding_pass-3.png,234
boarding_pass-3.png,B
boarding_pass-3.png,Christ
boarding_pass-3.png,Daniel
boarding_pass-3.png,From
boarding_pass-3.png,San
boarding_pass-3.png,Francisco
boarding_pass-3.png,To
boarding_pass-3.png,Chicago
boarding_pass-3.png,From:
boarding_pass-3.png,San
boarding_pass-3.png,Francisco
boarding_pass-3.png,Date
boarding_pass-3.png,Seat
boarding_pass-3.png,Seat
boarding_pass-3.png,Date
boarding_pass-3.png,To:
boarding_pass-3.png,Chicago
boarding_pass-3.png,April
boarding_pass-3.png,"20,"
boarding_pass-3.png,2022
boarding_pass-3.png,89G
boarding_pass-3.png,April
boarding_pass-3.png,"20,"
boarding_pass-3.png,2022
boarding_pass-3.png,GATE
boarding_pass-3.png,Boarding
boarding_pass-3.png,Time
boarding_pass-3.png,GATE
boarding_pass-3.png,Boarding
boarding_pass-3.png,Time
boarding_pass-3.png,Gl
boarding_pass-3.png,10:00
boarding_pass-3.png,AM
boarding_pass-3.png,PST
boarding_pass-3.png,1
boarding_pass-3.png,10:00
boarding_pass-3.png,AM
boarding_pass-3.png,PST
boarding_pass-3.png,Yeshua
boarding_pass-3.png,the
boarding_pass-3.png,savior
boarding_pass-3.png,Q
boarding_pass-30.png,ETK-11007060E
boarding_pass-30.png,Passenger
boarding_pass-30.png,Name
boarding_pass-30.png,Carrier
boarding_pass-30.png,Flight
boarding_pass-30.png,No.
boarding_pass-30.png,Class
boarding_pass-30.png,Passenger
boarding_pass-30.png,Name
boarding_pass-30.png,Michael
boarding_pass-30.png,Linda
boarding_pass-30.png,UA
boarding_pass-30.png,234
boarding_pass-30.png,E
boarding_pass-30.png,Michael
boarding_pass-30.png,Linda
boarding_pass-30.png,.
boarding_pass-30.png,>
boarding_pass-30.png,From
boarding_pass-30.png,San
boarding_pass-30.png,Francisco
boarding_pass-30.png,oO
boarding_pass-30.png,To
boarding_pass-30.png,Chicago
boarding_pass-30.png,From:
boarding_pass-30.png,San
boarding_pass-30.png,Francisco
boarding_pass-30.png,Date
boarding_pass-30.png,Seat
boarding_pass-30.png,Seat
boarding_pass-30.png,Date
boarding_pass-30.png,|
boarding_pass-30.png,To:
boarding_pass-30.png,Chicago
boarding_pass-30.png,April
boarding_pass-30.png,"20,2022."
boarding_pass-30.png,|
boarding_pass-30.png,YE
boarding_pass-30.png,46C
boarding_pass-30.png,April
boarding_pass-30.png,"20,"
boarding_pass-30.png,2022
boarding_pass-30.png,+—
boarding_pass-30.png,O
boarding_pass-30.png,GATE
boarding_pass-30.png,Boarding
boarding_pass-30.png,Time
boarding_pass-30.png,GATE
boarding_pass-30.png,Boarding
boarding_pass-30.png,Time
boarding_pass-30.png,Gl
boarding_pass-30.png,:
boarding_pass-30.png,2
boarding_pass-30.png,10:00
boarding_pass-30.png,AM
boarding_pass-30.png,PST
boarding_pass-30.png,Gl
boarding_pass-30.png,10:00
boarding_pass-30.png,AM
boarding_pass-30.png,PST
boarding_pass-30.png,O
boarding_pass-4.png, 
boarding_pass-4.png, 
boarding_pass-4.png, 
boarding_pass-4.png, 
boarding_pass-4.png, 
boarding_pass-4.png, 
boarding_pass-4.png, 
boarding_pass-4.png, 
boarding_pass-4.png, 
boarding_pass-4.png, 
boarding_pass-4.png, 
boarding_pass-4.png, 
boarding_pass-4.png, 
boarding_pass-4.png, 
boarding_pass-4.png,Passenger
boarding_pass-4.png,Name
boarding_pass-4.png,Carrier
boarding_pass-4.png,Flight
boarding_pass-4.png,No.
boarding_pass-4.png,Class
boarding_pass-4.png,Passenger
boarding_pass-4.png,Name
boarding_pass-4.png,Anna
boarding_pass-4.png,John
boarding_pass-4.png,UA
boarding_pass-4.png,234
boarding_pass-4.png,B
boarding_pass-4.png,Anna
boarding_pass-4.png,John
boarding_pass-4.png,.
boarding_pass-4.png,>
boarding_pass-4.png,From
boarding_pass-4.png,San
boarding_pass-4.png,Francisco
boarding_pass-4.png,oO
boarding_pass-4.png,To
boarding_pass-4.png,Chicago
boarding_pass-4.png,From:
boarding_pass-4.png,San
boarding_pass-4.png,Francisco
boarding_pass-4.png,Date
boarding_pass-4.png,we
boarding_pass-4.png,Seat
boarding_pass-4.png,Seat
boarding_pass-4.png,Date
boarding_pass-4.png,_
boarding_pass-4.png,To:
boarding_pass-4.png,Chicago
boarding_pass-4.png,April
boarding_pass-4.png,"20,"
boarding_pass-4.png,2022
boarding_pass-4.png,92G
boarding_pass-4.png,April
boarding_pass-4.png,"20,"
boarding_pass-4.png,2022
boarding_pass-4.png,O
boarding_pass-4.png,GATE
boarding_pass-4.png,Boarding
boarding_pass-4.png,Time
boarding_pass-4.png,|
boarding_pass-4.png,|
boarding_pass-4.png,|
boarding_pass-4.png,GATE
boarding_pass-4.png,_
boarding_pass-4.png,Boarding
boarding_pass-4.png,Time
boarding_pass-4.png,Gl
boarding_pass-4.png,:
boarding_pass-4.png,2
boarding_pass-4.png,10:00
boarding_pass-4.png,AM
boarding_pass-4.png,PST
boarding_pass-4.png,Gl
boarding_pass-4.png,10:00
boarding_pass-4.png,AM
boarding_pass-4.png,PST
boarding_pass-4.png,Ww
boarding_pass-4.png,oO
boarding_pass-4.png,>
boarding_pass-5.png,ETK-300A6346F
boarding_pass-5.png,Passenger
boarding_pass-5.png,Name
boarding_pass-5.png,Carrier
boarding_pass-5.png,Flight
boarding_pass-5.png,No.
boarding_pass-5.png,Class
boarding_pass-5.png,Passenger
boarding_pass-5.png,Name
boarding_pass-5.png,Julia
boarding_pass-5.png,Ali
boarding_pass-5.png,Muhamed
boarding_pass-5.png,UA
boarding_pass-5.png,234
boarding_pass-5.png,B
boarding_pass-5.png,Julia
boarding_pass-5.png,Ali
boarding_pass-5.png,Muhamed
boarding_pass-5.png,From
boarding_pass-5.png,San
boarding_pass-5.png,Francisco
boarding_pass-5.png,To
boarding_pass-5.png,Chicago
boarding_pass-5.png,From:
boarding_pass-5.png,San
boarding_pass-5.png,Francisco
boarding_pass-5.png,Date
boarding_pass-5.png,we
boarding_pass-5.png,Seat
boarding_pass-5.png,Seat
boarding_pass-5.png,Date
boarding_pass-5.png,To:
boarding_pass-5.png,Chicago
boarding_pass-5.png,April
boarding_pass-5.png,"20,"
boarding_pass-5.png,2022
boarding_pass-5.png,97G
boarding_pass-5.png,April
boarding_pass-5.png,"20,"
boarding_pass-5.png,2022
boarding_pass-5.png,GATE
boarding_pass-5.png,Boarding
boarding_pass-5.png,Time
boarding_pass-5.png,Gl
boarding_pass-5.png,10:00
boarding_pass-5.png,AM
boarding_pass-5.png,PST
boarding_pass-5.png,GATE
boarding_pass-5.png,Boarding
boarding_pass-5.png,Time
boarding_pass-5.png, 
boarding_pass-5.png, 
boarding_pass-5.png, 
boarding_pass-5.png, 
boarding_pass-5.png, 
boarding_pass-5.png, 
boarding_pass-5.png, 
boarding_pass-5.png, 
boarding_pass-5.png, 
boarding_pass-5.png, 
boarding_pass-5.png, 
boarding_pass-5.png, 
boarding_pass-5.png, 
boarding_pass-5.png, 
boarding_pass-5.png,Gl
boarding_pass-5.png,10:00
boarding_pass-5.png,AM
boarding_pass-5.png,PST
boarding_pass-5.png,Yeshua
boarding_pass-5.png,the
boarding_pass-5.png,savior
boarding_pass-6.png,ETK-300A5666F
boarding_pass-6.png, 
boarding_pass-6.png, 
boarding_pass-6.png, 
boarding_pass-6.png, 
boarding_pass-6.png, 
boarding_pass-6.png, 
boarding_pass-6.png, 
boarding_pass-6.png, 
boarding_pass-6.png, 
boarding_pass-6.png, 
boarding_pass-6.png, 
boarding_pass-6.png, 
boarding_pass-6.png, 
boarding_pass-6.png, 
boarding_pass-6.png,Passenger
boarding_pass-6.png,Name
boarding_pass-6.png,Carrier
boarding_pass-6.png,Flight
boarding_pass-6.png,No.
boarding_pass-6.png,Class
boarding_pass-6.png,=
boarding_pass-6.png,Passenger
boarding_pass-6.png,Name
boarding_pass-6.png,Kushmar
boarding_pass-6.png,Sameer
boarding_pass-6.png,UA
boarding_pass-6.png,234
boarding_pass-6.png,B
boarding_pass-6.png,Kushmar
boarding_pass-6.png,Sameer
boarding_pass-6.png,.
boarding_pass-6.png,>
boarding_pass-6.png,From
boarding_pass-6.png,San
boarding_pass-6.png,Francisco
boarding_pass-6.png,oO
boarding_pass-6.png,To
boarding_pass-6.png,Chicago
boarding_pass-6.png,From:
boarding_pass-6.png,San
boarding_pass-6.png,Francisco
boarding_pass-6.png,Date
boarding_pass-6.png,Seat
boarding_pass-6.png,Seat
boarding_pass-6.png,Date
boarding_pass-6.png, _
boarding_pass-6.png,To:
boarding_pass-6.png,Chicago
boarding_pass-6.png,April
boarding_pass-6.png,"20,"
boarding_pass-6.png,2022
boarding_pass-6.png,86H
boarding_pass-6.png,April
boarding_pass-6.png,"20,"
boarding_pass-6.png,2022
boarding_pass-6.png,O
boarding_pass-6.png,GATE
boarding_pass-6.png,Boarding
boarding_pass-6.png,Time
boarding_pass-6.png,GATE
boarding_pass-6.png,_
boarding_pass-6.png,Boarding
boarding_pass-6.png,Time
boarding_pass-6.png,Gl
boarding_pass-6.png,:
boarding_pass-6.png,2
boarding_pass-6.png,10:00
boarding_pass-6.png,AM
boarding_pass-6.png,PST
boarding_pass-6.png,Gl
boarding_pass-6.png,10:00
boarding_pass-6.png,AM
boarding_pass-6.png,PST
boarding_pass-6.png,Ww
boarding_pass-6.png,oO
boarding_pass-6.png,>
boarding_pass-7.png, 
boarding_pass-7.png, 
boarding_pass-7.png, 
boarding_pass-7.png, 
boarding_pass-7.png, 
boarding_pass-7.png, 
boarding_pass-7.png, 
boarding_pass-7.png, 
boarding_pass-7.png, 
boarding_pass-7.png, 
boarding_pass-7.png, 
boarding_pass-7.png, 
boarding_pass-7.png, 
boarding_pass-7.png, 
boarding_pass-7.png, 
boarding_pass-7.png, 
boarding_pass-7.png, 
boarding_pass-7.png, 
boarding_pass-7.png, 
boarding_pass-7.png, 
boarding_pass-7.png, 
boarding_pass-7.png, 
boarding_pass-7.png, 
boarding_pass-7.png, 
boarding_pass-7.png,Passenger
boarding_pass-7.png,Name
boarding_pass-7.png,Carrier
boarding_pass-7.png,Flight
boarding_pass-7.png,No.
boarding_pass-7.png,Class
boarding_pass-7.png,Passenger
boarding_pass-7.png,Name
boarding_pass-7.png,Martinez
boarding_pass-7.png,Cortez
boarding_pass-7.png,UA
boarding_pass-7.png,234
boarding_pass-7.png,B
boarding_pass-7.png,Martinez
boarding_pass-7.png,Cortez
boarding_pass-7.png,.
boarding_pass-7.png,>
boarding_pass-7.png,From
boarding_pass-7.png,San
boarding_pass-7.png,Francisco
boarding_pass-7.png,oO
boarding_pass-7.png,To
boarding_pass-7.png,Chicago
boarding_pass-7.png,From:
boarding_pass-7.png,San
boarding_pass-7.png,Francisco
boarding_pass-7.png,Date
boarding_pass-7.png,Baggage
boarding_pass-7.png,Seat
boarding_pass-7.png,Seat
boarding_pass-7.png,Date
boarding_pass-7.png, _
boarding_pass-7.png,To:
boarding_pass-7.png,Chicago
boarding_pass-7.png,April
boarding_pass-7.png,"20,"
boarding_pass-7.png,2022
boarding_pass-7.png,YES
boarding_pass-7.png,76G
boarding_pass-7.png,76G
boarding_pass-7.png,April
boarding_pass-7.png,"20,"
boarding_pass-7.png,2022
boarding_pass-7.png,O
boarding_pass-7.png,GATE
boarding_pass-7.png,Boarding
boarding_pass-7.png,Time
boarding_pass-7.png,|
boarding_pass-7.png,|
boarding_pass-7.png,|
boarding_pass-7.png,|
boarding_pass-7.png,|
boarding_pass-7.png,|
boarding_pass-7.png,|
boarding_pass-7.png,|
boarding_pass-7.png,|
boarding_pass-7.png,GATE
boarding_pass-7.png,_
boarding_pass-7.png,Boarding
boarding_pass-7.png,Time
boarding_pass-7.png,Gl
boarding_pass-7.png,:
boarding_pass-7.png,2
boarding_pass-7.png,10:00
boarding_pass-7.png,AM
boarding_pass-7.png,PST
boarding_pass-7.png,Gl
boarding_pass-7.png,10:00
boarding_pass-7.png,AM
boarding_pass-7.png,PST
boarding_pass-7.png,Ww
boarding_pass-7.png,oO
boarding_pass-7.png,>
boarding_pass-8.png,ETK-310A6748F
boarding_pass-8.png, 
boarding_pass-8.png, 
boarding_pass-8.png, 
boarding_pass-8.png, 
boarding_pass-8.png, 
boarding_pass-8.png, 
boarding_pass-8.png, 
boarding_pass-8.png, 
boarding_pass-8.png, 
boarding_pass-8.png, 
boarding_pass-8.png, 
boarding_pass-8.png, 
boarding_pass-8.png, 
boarding_pass-8.png,Passenger
boarding_pass-8.png,Name
boarding_pass-8.png,Carrier
boarding_pass-8.png,Flight
boarding_pass-8.png,No.
boarding_pass-8.png,Class
boarding_pass-8.png,Passenger
boarding_pass-8.png,Name
boarding_pass-8.png,Francois
boarding_pass-8.png,Caleb
boarding_pass-8.png,UA
boarding_pass-8.png,234
boarding_pass-8.png,B
boarding_pass-8.png,Francois
boarding_pass-8.png,Caleb
boarding_pass-8.png,.
boarding_pass-8.png,>
boarding_pass-8.png,From
boarding_pass-8.png,San
boarding_pass-8.png,Francisco
boarding_pass-8.png,oO
boarding_pass-8.png,To
boarding_pass-8.png,Chicago
boarding_pass-8.png,From:
boarding_pass-8.png,San
boarding_pass-8.png,Francisco
boarding_pass-8.png,Date
boarding_pass-8.png,we
boarding_pass-8.png,Seat
boarding_pass-8.png,Seat
boarding_pass-8.png,Date
boarding_pass-8.png,_
boarding_pass-8.png,To:
boarding_pass-8.png,Chicago
boarding_pass-8.png,April
boarding_pass-8.png,"20,"
boarding_pass-8.png,2022
boarding_pass-8.png,92F
boarding_pass-8.png,April
boarding_pass-8.png,"20,"
boarding_pass-8.png,2022
boarding_pass-8.png,GATE
boarding_pass-8.png,Boarding
boarding_pass-8.png,Time
boarding_pass-8.png,GATE
boarding_pass-8.png,Boarding
boarding_pass-8.png,Time
boarding_pass-8.png,Oo
boarding_pass-8.png,g
boarding_pass-8.png,Gl
boarding_pass-8.png,:
boarding_pass-8.png,2
boarding_pass-8.png,10:00
boarding_pass-8.png,AM
boarding_pass-8.png,PST
boarding_pass-8.png,Gl
boarding_pass-8.png,10:00
boarding_pass-8.png,AM
boarding_pass-8.png,PST
boarding_pass-8.png,Ww
boarding_pass-8.png,oO
boarding_pass-8.png,>
boarding_pass-9.png,a
boarding_pass-9.png,Passenger
boarding_pass-9.png,Name
boarding_pass-9.png,Carrier
boarding_pass-9.png,Flight
boarding_pass-9.png,No.
boarding_pass-9.png,Class
boarding_pass-9.png,Passenger
boarding_pass-9.png,Name
boarding_pass-9.png,Juan
boarding_pass-9.png,Garcia
boarding_pass-9.png,UA
boarding_pass-9.png,234
boarding_pass-9.png,B
boarding_pass-9.png,Juan
boarding_pass-9.png,Garcia
boarding_pass-9.png,From
boarding_pass-9.png,San
boarding_pass-9.png,Francisco
boarding_pass-9.png,To
boarding_pass-9.png,Chicago
boarding_pass-9.png,From:
boarding_pass-9.png,San
boarding_pass-9.png,Francisco
boarding_pass-9.png,Date
boarding_pass-9.png,awe
boarding_pass-9.png,Seat
boarding_pass-9.png,Seat
boarding_pass-9.png,Date
boarding_pass-9.png,To:
boarding_pass-9.png,Chicago
boarding_pass-9.png,April
boarding_pass-9.png,"20,"
boarding_pass-9.png,2022
boarding_pass-9.png,90F
boarding_pass-9.png,April
boarding_pass-9.png,"20,"
boarding_pass-9.png,2022
boarding_pass-9.png,Q
boarding_pass-9.png,GATE
boarding_pass-9.png,Boarding
boarding_pass-9.png,Time
boarding_pass-9.png,GATE
boarding_pass-9.png,Boarding
boarding_pass-9.png,Time
boarding_pass-9.png,Gl
boarding_pass-9.png,10:00
boarding_pass-9.png,AM
boarding_pass-9.png,PST
boarding_pass-9.png,1
boarding_pass-9.png,10:00
boarding_pass-9.png,AM
boarding_pass-9.png,PST
boarding_pass-9.png,Yeshua
boarding_pass-9.png,the
boarding_pass-9.png,savior
